station_complex_id,station_complex,hour,Pasajeros mensual,estacion_latitude,estacion_longitude
10,"49 St (N,R,W)",10,21178.0,40.7599,-73.98414
10,"49 St (N,R,W)",11,17576.0,40.7599,-73.98414
10,"49 St (N,R,W)",12,17803.0,40.7599,-73.98414
10,"49 St (N,R,W)",13,19864.0,40.7599,-73.98414
10,"49 St (N,R,W)",14,23432.0,40.7599,-73.98414
10,"49 St (N,R,W)",15,32751.0,40.7599,-73.98414
10,"49 St (N,R,W)",16,19883.0,40.7599,-73.98414
10,"49 St (N,R,W)",17,23707.0,40.7599,-73.98414
10,"49 St (N,R,W)",18,18638.0,40.7599,-73.98414
10,"49 St (N,R,W)",19,22422.0,40.7599,-73.98414
10,"49 St (N,R,W)",20,28829.0,40.7599,-73.98414
10,"49 St (N,R,W)",21,24668.0,40.7599,-73.98414
103,"Bowery (J,Z)",10,1028.0,40.72028,-73.99391
103,"Bowery (J,Z)",11,991.0,40.72028,-73.99391
103,"Bowery (J,Z)",12,1084.0,40.72028,-73.99391
103,"Bowery (J,Z)",13,1668.0,40.72028,-73.99391
103,"Bowery (J,Z)",14,2517.0,40.72028,-73.99391
103,"Bowery (J,Z)",15,2401.0,40.72028,-73.99391
103,"Bowery (J,Z)",16,2855.0,40.72028,-73.99391
103,"Bowery (J,Z)",17,3921.0,40.72028,-73.99391
103,"Bowery (J,Z)",18,3988.0,40.72028,-73.99391
103,"Bowery (J,Z)",19,2807.0,40.72028,-73.99391
103,"Bowery (J,Z)",20,2845.0,40.72028,-73.99391
103,"Bowery (J,Z)",21,3039.0,40.72028,-73.99391
107,"Broad St (J,Z)",10,1159.0,40.706474,-74.011055
107,"Broad St (J,Z)",11,2165.0,40.706474,-74.011055
107,"Broad St (J,Z)",12,2436.0,40.706474,-74.011055
107,"Broad St (J,Z)",13,3302.0,40.706474,-74.011055
107,"Broad St (J,Z)",14,5390.0,40.706474,-74.011055
107,"Broad St (J,Z)",15,8459.0,40.706474,-74.011055
107,"Broad St (J,Z)",16,10649.0,40.706474,-74.011055
107,"Broad St (J,Z)",17,18880.0,40.706474,-74.011055
107,"Broad St (J,Z)",18,10191.0,40.706474,-74.011055
107,"Broad St (J,Z)",19,4416.0,40.706474,-74.011055
107,"Broad St (J,Z)",20,2591.0,40.706474,-74.011055
107,"Broad St (J,Z)",21,1611.0,40.706474,-74.011055
118,3 Av (L),10,2460.0,40.73285,-73.98612
118,3 Av (L),11,2973.0,40.73285,-73.98612
118,3 Av (L),12,4045.0,40.73285,-73.98612
118,3 Av (L),13,4912.0,40.73285,-73.98612
118,3 Av (L),14,6563.0,40.73285,-73.98612
118,3 Av (L),15,9606.0,40.73285,-73.98612
118,3 Av (L),16,9811.0,40.73285,-73.98612
118,3 Av (L),17,11402.0,40.73285,-73.98612
118,3 Av (L),18,12522.0,40.73285,-73.98612
118,3 Av (L),19,11574.0,40.73285,-73.98612
118,3 Av (L),20,9205.0,40.73285,-73.98612
118,3 Av (L),21,10621.0,40.73285,-73.98612
119,1 Av (L),10,17863.0,40.730953,-73.98163
119,1 Av (L),11,17825.0,40.730953,-73.98163
119,1 Av (L),12,18837.0,40.730953,-73.98163
119,1 Av (L),13,19871.0,40.730953,-73.98163
119,1 Av (L),14,31992.0,40.730953,-73.98163
119,1 Av (L),15,34706.0,40.730953,-73.98163
119,1 Av (L),16,30499.0,40.730953,-73.98163
119,1 Av (L),17,16296.0,40.730953,-73.98163
119,1 Av (L),18,9276.0,40.73095299999999,-73.98163
119,1 Av (L),19,13811.0,40.730953,-73.98163
119,1 Av (L),20,19199.0,40.730953,-73.98163
119,1 Av (L),21,17634.0,40.730953,-73.98163
13,"28 St (R,W)",10,7401.0,40.745495,-73.98869
13,"28 St (R,W)",11,7265.0,40.745495,-73.98869
13,"28 St (R,W)",12,8212.0,40.745495,-73.98869
13,"28 St (R,W)",13,9343.0,40.745495,-73.98869
13,"28 St (R,W)",14,10512.0,40.745495,-73.98869
13,"28 St (R,W)",15,12755.0,40.745495,-73.98869
13,"28 St (R,W)",16,18403.0,40.745495,-73.98869
13,"28 St (R,W)",17,25873.0,40.745495,-73.98869
13,"28 St (R,W)",18,22031.0,40.745495,-73.98869
13,"28 St (R,W)",19,14986.0,40.745495,-73.98869
13,"28 St (R,W)",20,11144.0,40.745495,-73.98869
13,"28 St (R,W)",21,8846.0,40.745495,-73.98869
14,"23 St (R,W)",10,9345.0,40.741302,-73.98934
14,"23 St (R,W)",11,12523.0,40.741302,-73.98934
14,"23 St (R,W)",12,14996.0,40.741302,-73.98934
14,"23 St (R,W)",13,17598.0,40.741302,-73.98934
14,"23 St (R,W)",14,23316.0,40.741302,-73.98934
14,"23 St (R,W)",15,28482.0,40.741302,-73.98934
14,"23 St (R,W)",16,25268.0,40.741302,-73.98934
14,"23 St (R,W)",17,17675.0,40.741302,-73.98934
14,"23 St (R,W)",18,17217.0,40.741302,-73.98933999999998
14,"23 St (R,W)",19,24960.0,40.741302,-73.98934000000001
14,"23 St (R,W)",20,16363.0,40.741302,-73.98934
14,"23 St (R,W)",21,11301.0,40.741302,-73.98934
143,Inwood-207 St (A),10,4812.0,40.868073,-73.9199
143,Inwood-207 St (A),11,4304.0,40.868073,-73.9199
143,Inwood-207 St (A),12,4428.0,40.868073,-73.9199
143,Inwood-207 St (A),13,5169.0,40.868073,-73.9199
143,Inwood-207 St (A),14,4582.0,40.868073,-73.9199
143,Inwood-207 St (A),15,5843.0,40.868073,-73.9199
143,Inwood-207 St (A),16,5601.0,40.868073,-73.9199
143,Inwood-207 St (A),17,5975.0,40.868073,-73.9199
143,Inwood-207 St (A),18,4143.0,40.868073,-73.9199
143,Inwood-207 St (A),19,2274.0,40.868073,-73.9199
143,Inwood-207 St (A),20,1433.0,40.868073,-73.9199
143,Inwood-207 St (A),21,1471.0,40.868073,-73.9199
144,Dyckman St (A),10,3673.0,40.86549,-73.92727
144,Dyckman St (A),11,3002.0,40.86549,-73.92727
144,Dyckman St (A),12,4244.0,40.86549,-73.92727
144,Dyckman St (A),13,4776.0,40.86549,-73.92727
144,Dyckman St (A),14,5038.0,40.86549,-73.92727
144,Dyckman St (A),15,5929.0,40.86549,-73.92727
144,Dyckman St (A),16,6288.0,40.86549,-73.92727
144,Dyckman St (A),17,5266.0,40.86549,-73.92727
144,Dyckman St (A),18,3190.0,40.86549,-73.92727
144,Dyckman St (A),19,1965.0,40.86549,-73.92727
144,Dyckman St (A),20,1233.0,40.86549,-73.92727
144,Dyckman St (A),21,829.0,40.86549,-73.92727
145,190 St (A),10,2606.0,40.85902,-73.93418
145,190 St (A),11,2245.0,40.85902,-73.93418
145,190 St (A),12,2433.0,40.85902,-73.93418
145,190 St (A),13,2357.0,40.85902,-73.93418
145,190 St (A),14,2743.0,40.85902,-73.93418
145,190 St (A),15,3154.0,40.85902,-73.93418000000001
145,190 St (A),16,4271.0,40.85902,-73.93418
145,190 St (A),17,3418.0,40.85902,-73.93418
145,190 St (A),18,1992.0,40.85902,-73.93418
145,190 St (A),19,1078.0,40.85902,-73.93418
145,190 St (A),20,498.0,40.85902,-73.93418
145,190 St (A),21,275.0,40.85902,-73.93418
146,181 St (A),10,7417.0,40.851696,-73.937965
146,181 St (A),11,6891.0,40.851696,-73.937965
146,181 St (A),12,6527.0,40.851696,-73.937965
146,181 St (A),13,6027.0,40.851696,-73.937965
146,181 St (A),14,5747.0,40.851696,-73.937965
146,181 St (A),15,6123.0,40.851696,-73.937965
146,181 St (A),16,7431.0,40.851696,-73.937965
146,181 St (A),17,6624.0,40.851696,-73.937965
146,181 St (A),18,5774.0,40.851696,-73.937965
146,181 St (A),19,2535.0,40.851696,-73.937965
146,181 St (A),20,1495.0,40.851696,-73.937965
146,181 St (A),21,1215.0,40.851696,-73.937965
147,175 St (A),10,7398.0,40.84739,-73.939705
147,175 St (A),11,7449.0,40.84739,-73.939705
147,175 St (A),12,6982.0,40.84739,-73.939705
147,175 St (A),13,7454.0,40.84739,-73.939705
147,175 St (A),14,7931.0,40.84739,-73.939705
147,175 St (A),15,8189.0,40.84739,-73.939705
147,175 St (A),16,9212.0,40.84739,-73.939705
147,175 St (A),17,9293.0,40.84739,-73.939705
147,175 St (A),18,7419.0,40.84739,-73.939705
147,175 St (A),19,4439.0,40.84739,-73.939705
147,175 St (A),20,3165.0,40.84739,-73.93970499999999
147,175 St (A),21,1978.0,40.84739,-73.939705
149,163 St-Amsterdam Av (C),10,1781.0,40.836014,-73.939896
149,163 St-Amsterdam Av (C),11,1986.0,40.836014,-73.939896
149,163 St-Amsterdam Av (C),12,1756.0,40.836014,-73.939896
149,163 St-Amsterdam Av (C),13,1828.0,40.836014,-73.939896
149,163 St-Amsterdam Av (C),14,2405.0,40.836014000000006,-73.939896
149,163 St-Amsterdam Av (C),15,2599.0,40.836014,-73.939896
149,163 St-Amsterdam Av (C),16,2908.0,40.836014,-73.939896
149,163 St-Amsterdam Av (C),17,1979.0,40.836014,-73.939896
149,163 St-Amsterdam Av (C),18,1828.0,40.836014,-73.939896
149,163 St-Amsterdam Av (C),19,843.0,40.836014,-73.939896
149,163 St-Amsterdam Av (C),20,718.0,40.836014,-73.939896
149,163 St-Amsterdam Av (C),21,531.0,40.836014,-73.939896
150,155 St (C),10,979.0,40.830517,-73.94151
150,155 St (C),11,1046.0,40.830517,-73.94151
150,155 St (C),12,1218.0,40.830517,-73.94151
150,155 St (C),13,1183.0,40.830517,-73.94151
150,155 St (C),14,1714.0,40.830517,-73.94151
150,155 St (C),15,1370.0,40.830517,-73.94151
150,155 St (C),16,1189.0,40.830517,-73.94151
150,155 St (C),17,1125.0,40.830517,-73.94151
150,155 St (C),18,897.0,40.830517,-73.94151
150,155 St (C),19,575.0,40.830517,-73.94150999999998
150,155 St (C),20,301.0,40.830517,-73.94151
150,155 St (C),21,256.0,40.830517,-73.94151
151,"145 St (A,C,B,D)",10,17336.0,40.824783,-73.944214
151,"145 St (A,C,B,D)",11,16622.0,40.82478299999999,-73.944214
151,"145 St (A,C,B,D)",12,16225.0,40.824783,-73.944214
151,"145 St (A,C,B,D)",13,17544.0,40.824783,-73.944214
151,"145 St (A,C,B,D)",14,20944.0,40.824783,-73.944214
151,"145 St (A,C,B,D)",15,29936.0,40.824783,-73.944214
151,"145 St (A,C,B,D)",16,27559.0,40.824783,-73.944214
151,"145 St (A,C,B,D)",17,27800.0,40.824783,-73.944214
151,"145 St (A,C,B,D)",18,26417.0,40.824783,-73.944214
151,"145 St (A,C,B,D)",19,13912.0,40.82478299999999,-73.944214
151,"145 St (A,C,B,D)",20,8375.0,40.824783,-73.944214
151,"145 St (A,C,B,D)",21,5719.0,40.824783,-73.944214
152,"135 St (C,B)",10,3249.0,40.817894,-73.94765
152,"135 St (C,B)",11,2688.0,40.817894,-73.94765
152,"135 St (C,B)",12,3551.0,40.817894,-73.94765
152,"135 St (C,B)",13,3584.0,40.817894,-73.94765
152,"135 St (C,B)",14,6638.0,40.817894,-73.94765
152,"135 St (C,B)",15,6611.0,40.817894,-73.94765
152,"135 St (C,B)",16,6200.0,40.817894,-73.94765
152,"135 St (C,B)",17,6826.0,40.817894,-73.94765
152,"135 St (C,B)",18,4980.0,40.817894,-73.94765
152,"135 St (C,B)",19,2563.0,40.817894,-73.94765000000001
152,"135 St (C,B)",20,1073.0,40.817894,-73.94765
152,"135 St (C,B)",21,628.0,40.817894,-73.94765
153,"125 St (A,C,B,D)",10,17173.0,40.811108,-73.95235
153,"125 St (A,C,B,D)",11,19211.0,40.811108,-73.95235
153,"125 St (A,C,B,D)",12,21273.0,40.811108,-73.95235
153,"125 St (A,C,B,D)",13,19483.0,40.811108,-73.95235
153,"125 St (A,C,B,D)",14,27668.0,40.811108,-73.95235
153,"125 St (A,C,B,D)",15,36039.0,40.811108,-73.95235
153,"125 St (A,C,B,D)",16,40453.0,40.811108,-73.95235
153,"125 St (A,C,B,D)",17,26858.0,40.811108,-73.95235
153,"125 St (A,C,B,D)",18,34250.0,40.811108,-73.95235
153,"125 St (A,C,B,D)",19,20832.0,40.811108,-73.95235
153,"125 St (A,C,B,D)",20,13833.0,40.811108,-73.95235
153,"125 St (A,C,B,D)",21,12104.0,40.811108,-73.95235
154,"116 St (C,B)",10,3541.0,40.805084,-73.95488
154,"116 St (C,B)",11,4001.0,40.805084,-73.95488
154,"116 St (C,B)",12,4582.0,40.805084,-73.95488
154,"116 St (C,B)",13,4024.0,40.805084,-73.95488
154,"116 St (C,B)",14,4427.0,40.805084,-73.95488
154,"116 St (C,B)",15,4928.0,40.805084,-73.95488
154,"116 St (C,B)",16,5510.0,40.805084,-73.95488
154,"116 St (C,B)",17,6027.0,40.805084,-73.95488
154,"116 St (C,B)",18,5691.0,40.805084,-73.95488
154,"116 St (C,B)",19,3389.0,40.80508400000001,-73.95488
154,"116 St (C,B)",20,1813.0,40.805084,-73.95488
154,"116 St (C,B)",21,1484.0,40.805084,-73.95488
155,"Cathedral Pkwy (110 St) (C,B)",10,5856.0,40.800602,-73.95816
155,"Cathedral Pkwy (110 St) (C,B)",11,6530.0,40.800602,-73.95816
155,"Cathedral Pkwy (110 St) (C,B)",12,6216.0,40.800602,-73.95816
155,"Cathedral Pkwy (110 St) (C,B)",13,6096.0,40.800602,-73.95816
155,"Cathedral Pkwy (110 St) (C,B)",14,6332.0,40.800602,-73.95816
155,"Cathedral Pkwy (110 St) (C,B)",15,8757.0,40.800602,-73.95816
155,"Cathedral Pkwy (110 St) (C,B)",16,7710.0,40.800602,-73.95816
155,"Cathedral Pkwy (110 St) (C,B)",17,9054.0,40.800602,-73.95816
155,"Cathedral Pkwy (110 St) (C,B)",18,8130.0,40.800602,-73.95816
155,"Cathedral Pkwy (110 St) (C,B)",19,5791.0,40.800602,-73.95816
155,"Cathedral Pkwy (110 St) (C,B)",20,3183.0,40.800602,-73.95816
155,"Cathedral Pkwy (110 St) (C,B)",21,2439.0,40.800602,-73.95816
156,"103 St (C,B)",10,3090.0,40.796093,-73.96146
156,"103 St (C,B)",11,2974.0,40.796093,-73.96146
156,"103 St (C,B)",12,3236.0,40.796093,-73.96146
156,"103 St (C,B)",13,3256.0,40.79609299999999,-73.96146
156,"103 St (C,B)",14,3225.0,40.796093,-73.96146
156,"103 St (C,B)",15,3941.0,40.796093,-73.96146
156,"103 St (C,B)",16,4639.0,40.796093,-73.96146
156,"103 St (C,B)",17,4746.0,40.796093,-73.96146
156,"103 St (C,B)",18,4425.0,40.796093,-73.96146
156,"103 St (C,B)",19,2596.0,40.796093,-73.96146
156,"103 St (C,B)",20,1706.0,40.796093,-73.96146
156,"103 St (C,B)",21,1109.0,40.796093,-73.96146
157,"96 St (C,B)",10,6305.0,40.79164,-73.9647
157,"96 St (C,B)",11,5761.0,40.79164,-73.9647
157,"96 St (C,B)",12,6605.0,40.79164,-73.9647
157,"96 St (C,B)",13,7336.0,40.79164,-73.9647
157,"96 St (C,B)",14,8952.0,40.79164,-73.9647
157,"96 St (C,B)",15,16599.0,40.79164,-73.9647
157,"96 St (C,B)",16,18532.0,40.79164,-73.9647
157,"96 St (C,B)",17,19957.0,40.79164,-73.9647
157,"96 St (C,B)",18,14590.0,40.79164,-73.9647
157,"96 St (C,B)",19,7178.0,40.79164,-73.9647
157,"96 St (C,B)",20,3583.0,40.79164,-73.9647
157,"96 St (C,B)",21,1923.0,40.79164,-73.9647
158,"86 St (C,B)",10,5815.0,40.78587,-73.96892
158,"86 St (C,B)",11,5661.0,40.78587,-73.96892
158,"86 St (C,B)",12,7391.0,40.78587,-73.96892
158,"86 St (C,B)",13,9146.0,40.78587,-73.96892
158,"86 St (C,B)",14,11469.0,40.78587,-73.96892
158,"86 St (C,B)",15,19885.0,40.78587,-73.96892
158,"86 St (C,B)",16,23574.0,40.78587,-73.96892
158,"86 St (C,B)",17,21648.0,40.78587,-73.96892
158,"86 St (C,B)",18,18419.0,40.78587,-73.96891999999998
158,"86 St (C,B)",19,8708.0,40.78587,-73.96892
158,"86 St (C,B)",20,5126.0,40.78587,-73.96892
158,"86 St (C,B)",21,4070.0,40.78587,-73.96892
159,"81 St-Museum of Natural History (C,B)",10,5373.0,40.781433,-73.972145
159,"81 St-Museum of Natural History (C,B)",11,7838.0,40.781433,-73.972145
159,"81 St-Museum of Natural History (C,B)",12,14701.0,40.781433,-73.972145
159,"81 St-Museum of Natural History (C,B)",13,19253.0,40.781433,-73.972145
159,"81 St-Museum of Natural History (C,B)",14,23514.0,40.781433,-73.972145
159,"81 St-Museum of Natural History (C,B)",15,30764.0,40.781433,-73.972145
159,"81 St-Museum of Natural History (C,B)",16,32391.0,40.781433,-73.972145
159,"81 St-Museum of Natural History (C,B)",17,27285.0,40.781433,-73.972145
159,"81 St-Museum of Natural History (C,B)",18,18353.0,40.781433,-73.972145
159,"81 St-Museum of Natural History (C,B)",19,9300.0,40.781433,-73.972145
159,"81 St-Museum of Natural History (C,B)",20,5656.0,40.781433,-73.972145
159,"81 St-Museum of Natural History (C,B)",21,3848.0,40.781433,-73.972145
16,"8 St-NYU (R,W)",10,8605.0,40.730328,-73.99263
16,"8 St-NYU (R,W)",11,8939.0,40.730328,-73.99263
16,"8 St-NYU (R,W)",12,12785.0,40.730328,-73.99263
16,"8 St-NYU (R,W)",13,15348.0,40.730328,-73.99263
16,"8 St-NYU (R,W)",14,16475.0,40.730328,-73.99263
16,"8 St-NYU (R,W)",15,23248.0,40.730328,-73.99263000000002
16,"8 St-NYU (R,W)",16,27770.0,40.730328,-73.99263
16,"8 St-NYU (R,W)",17,18466.0,40.730328,-73.99263
16,"8 St-NYU (R,W)",18,15517.0,40.730328,-73.99263
16,"8 St-NYU (R,W)",19,20496.0,40.730328,-73.99263
16,"8 St-NYU (R,W)",20,20661.0,40.730328,-73.99263
16,"8 St-NYU (R,W)",21,16432.0,40.730328,-73.99263
160,"72 St (C,B)",10,6714.0,40.775593,-73.97641
160,"72 St (C,B)",11,8659.0,40.775593,-73.97641
160,"72 St (C,B)",12,10733.0,40.775593,-73.97641
160,"72 St (C,B)",13,13343.0,40.775593,-73.97641
160,"72 St (C,B)",14,16330.0,40.77559300000001,-73.97641
160,"72 St (C,B)",15,21197.0,40.775593,-73.97641
160,"72 St (C,B)",16,21379.0,40.775593,-73.97641
160,"72 St (C,B)",17,24634.0,40.775593,-73.97641
160,"72 St (C,B)",18,20078.0,40.775593,-73.97641
160,"72 St (C,B)",19,10337.0,40.775593,-73.97641
160,"72 St (C,B)",20,6051.0,40.775593,-73.97641
160,"72 St (C,B)",21,4932.0,40.775593,-73.97641
162,"50 St (C,E)",10,18654.0,40.762455,-73.985985
162,"50 St (C,E)",11,16471.0,40.762455,-73.985985
162,"50 St (C,E)",12,16575.0,40.762455,-73.985985
162,"50 St (C,E)",13,17780.0,40.762455,-73.985985
162,"50 St (C,E)",14,24957.0,40.762455,-73.985985
162,"50 St (C,E)",15,31427.0,40.762455,-73.985985
162,"50 St (C,E)",16,39162.0,40.762455,-73.985985
162,"50 St (C,E)",17,20532.0,40.762455,-73.985985
162,"50 St (C,E)",18,25010.0,40.762455,-73.985985
162,"50 St (C,E)",19,25149.0,40.762455,-73.985985
162,"50 St (C,E)",20,21015.0,40.762455,-73.985985
162,"50 St (C,E)",21,25079.0,40.762455,-73.985985
164,"34 St-Penn Station (A,C,E)",10,20377.0,40.75229,-73.99339
164,"34 St-Penn Station (A,C,E)",11,17230.0,40.75229,-73.99339
164,"34 St-Penn Station (A,C,E)",12,17189.0,40.75229,-73.99339
164,"34 St-Penn Station (A,C,E)",13,19151.0,40.75229,-73.99339
164,"34 St-Penn Station (A,C,E)",14,20001.0,40.75229,-73.99339
164,"34 St-Penn Station (A,C,E)",15,24863.0,40.75229,-73.99339
164,"34 St-Penn Station (A,C,E)",16,31525.0,40.75229,-73.99339
164,"34 St-Penn Station (A,C,E)",17,42121.0,40.75229,-73.99339
164,"34 St-Penn Station (A,C,E)",18,33577.0,40.75229,-73.99339
164,"34 St-Penn Station (A,C,E)",19,21514.0,40.75229,-73.99339
164,"34 St-Penn Station (A,C,E)",20,16481.0,40.75229,-73.99339
164,"34 St-Penn Station (A,C,E)",21,12781.0,40.75229,-73.99339
165,"23 St (C,E)",10,12940.0,40.745907,-73.99804
165,"23 St (C,E)",11,12915.0,40.745907,-73.99804
165,"23 St (C,E)",12,15489.0,40.745907,-73.99804
165,"23 St (C,E)",13,17585.0,40.745907,-73.99804000000002
165,"23 St (C,E)",14,22076.0,40.745907,-73.99804
165,"23 St (C,E)",15,37515.0,40.745907,-73.99804
165,"23 St (C,E)",16,34520.0,40.745907,-73.99804
165,"23 St (C,E)",17,19246.0,40.745907,-73.99804
165,"23 St (C,E)",18,15439.0,40.745907,-73.99804
165,"23 St (C,E)",19,22339.0,40.745907,-73.99804
165,"23 St (C,E)",20,20456.0,40.745907,-73.99804
165,"23 St (C,E)",21,16868.0,40.745907,-73.99804
167,"W 4 St-Wash Sq (A,C,E,B,D,F,M)",10,20585.0,40.732338,-74.000496
167,"W 4 St-Wash Sq (A,C,E,B,D,F,M)",11,22423.0,40.732338,-74.000496
167,"W 4 St-Wash Sq (A,C,E,B,D,F,M)",12,25232.0,40.732338,-74.000496
167,"W 4 St-Wash Sq (A,C,E,B,D,F,M)",13,23163.0,40.732338,-74.000496
167,"W 4 St-Wash Sq (A,C,E,B,D,F,M)",14,18046.0,40.732338,-74.000496
167,"W 4 St-Wash Sq (A,C,E,B,D,F,M)",15,22371.0,40.732338,-74.000496
167,"W 4 St-Wash Sq (A,C,E,B,D,F,M)",16,23735.0,40.732338,-74.000496
167,"W 4 St-Wash Sq (A,C,E,B,D,F,M)",17,23738.0,40.732338,-74.000496
167,"W 4 St-Wash Sq (A,C,E,B,D,F,M)",18,18381.0,40.732338,-74.000496
167,"W 4 St-Wash Sq (A,C,E,B,D,F,M)",19,13474.0,40.732338,-74.000496
167,"W 4 St-Wash Sq (A,C,E,B,D,F,M)",20,11520.0,40.732338,-74.000496
167,"W 4 St-Wash Sq (A,C,E,B,D,F,M)",21,11828.0,40.732338,-74.000496
168,"Spring St (C,E)",10,5563.0,40.726227,-74.00374
168,"Spring St (C,E)",11,6579.0,40.726227,-74.00374
168,"Spring St (C,E)",12,10000.0,40.726227,-74.00374
168,"Spring St (C,E)",13,12495.0,40.726227,-74.00374
168,"Spring St (C,E)",14,16794.0,40.726227,-74.00374
168,"Spring St (C,E)",15,25036.0,40.726227,-74.00374
168,"Spring St (C,E)",16,27135.0,40.726227,-74.00374
168,"Spring St (C,E)",17,16385.0,40.726227,-74.00374
168,"Spring St (C,E)",18,17302.0,40.726227,-74.00374
168,"Spring St (C,E)",19,20915.0,40.726227,-74.00374
168,"Spring St (C,E)",20,13287.0,40.726227,-74.00374
168,"Spring St (C,E)",21,10286.0,40.726227,-74.00374
169,"Canal St (A,C,E)",10,7180.0,40.720825,-74.005226
169,"Canal St (A,C,E)",11,8227.0,40.720825,-74.005226
169,"Canal St (A,C,E)",12,9452.0,40.720825,-74.005226
169,"Canal St (A,C,E)",13,12497.0,40.720825,-74.005226
169,"Canal St (A,C,E)",14,15194.0,40.720825,-74.005226
169,"Canal St (A,C,E)",15,24772.0,40.720825,-74.005226
169,"Canal St (A,C,E)",16,22986.0,40.720825,-74.005226
169,"Canal St (A,C,E)",17,20456.0,40.720825,-74.005226
169,"Canal St (A,C,E)",18,19503.0,40.720825,-74.005226
169,"Canal St (A,C,E)",19,25323.0,40.720825,-74.005226
169,"Canal St (A,C,E)",20,15799.0,40.720825,-74.005226
169,"Canal St (A,C,E)",21,12019.0,40.720825,-74.005226
17,"Prince St (R,W)",10,3432.0,40.72433,-73.9977
17,"Prince St (R,W)",11,6233.0,40.72433,-73.9977
17,"Prince St (R,W)",12,9568.0,40.72433,-73.9977
17,"Prince St (R,W)",13,12636.0,40.72433,-73.9977
17,"Prince St (R,W)",14,15945.0,40.72433,-73.9977
17,"Prince St (R,W)",15,18134.0,40.72433,-73.9977
17,"Prince St (R,W)",16,22311.0,40.72433,-73.99770000000001
17,"Prince St (R,W)",17,24463.0,40.72433,-73.9977
17,"Prince St (R,W)",18,24522.0,40.72433,-73.9977
17,"Prince St (R,W)",19,19732.0,40.72433,-73.9977
17,"Prince St (R,W)",20,10764.0,40.72433,-73.9977
17,"Prince St (R,W)",21,6667.0,40.72433,-73.9977
20,"City Hall (R,W)",10,1980.0,40.713284,-74.00698
20,"City Hall (R,W)",11,2590.0,40.713284,-74.00698
20,"City Hall (R,W)",12,3200.0,40.713284,-74.00698
20,"City Hall (R,W)",13,3660.0,40.713284,-74.00698
20,"City Hall (R,W)",14,3962.0,40.713284,-74.00698
20,"City Hall (R,W)",15,7338.0,40.713284,-74.00698
20,"City Hall (R,W)",16,10911.0,40.713284,-74.00698
20,"City Hall (R,W)",17,12499.0,40.713284,-74.00698
20,"City Hall (R,W)",18,8554.0,40.713284,-74.00698
20,"City Hall (R,W)",19,4622.0,40.713284,-74.00698
20,"City Hall (R,W)",20,2288.0,40.713284,-74.00698
20,"City Hall (R,W)",21,1361.0,40.713284,-74.00698
22,"Rector St (R,W)",10,3499.0,40.70722,-74.01334
22,"Rector St (R,W)",11,3467.0,40.70722,-74.01334
22,"Rector St (R,W)",12,3569.0,40.70722,-74.01334
22,"Rector St (R,W)",13,4008.0,40.70722,-74.01334
22,"Rector St (R,W)",14,4140.0,40.70722,-74.01334
22,"Rector St (R,W)",15,5975.0,40.70722,-74.01334
22,"Rector St (R,W)",16,7954.0,40.70722,-74.01334
22,"Rector St (R,W)",17,11999.0,40.70722,-74.01334
22,"Rector St (R,W)",18,8714.0,40.70722,-74.01334
22,"Rector St (R,W)",19,4207.0,40.70722,-74.01334
22,"Rector St (R,W)",20,2208.0,40.70722,-74.01334
22,"Rector St (R,W)",21,1081.0,40.70722,-74.01334
220,"155 St (B,D)",10,758.0,40.830135,-73.93821
220,"155 St (B,D)",11,539.0,40.830135,-73.93821
220,"155 St (B,D)",12,682.0,40.830135,-73.93821
220,"155 St (B,D)",13,822.0,40.830135,-73.93821
220,"155 St (B,D)",14,1098.0,40.830135,-73.93821
220,"155 St (B,D)",15,1015.0,40.830135,-73.93821
220,"155 St (B,D)",16,979.0,40.830135,-73.93821
220,"155 St (B,D)",17,793.0,40.830135,-73.93821
220,"155 St (B,D)",18,501.0,40.830135,-73.93821
220,"155 St (B,D)",19,313.0,40.830135,-73.93821
220,"155 St (B,D)",20,240.0,40.830135,-73.93821
220,"155 St (B,D)",21,153.0,40.830135,-73.93821
222,Roosevelt Island (F),10,8515.0,40.759144,-73.95326
222,Roosevelt Island (F),11,7419.0,40.759144,-73.95326
222,Roosevelt Island (F),12,8096.0,40.759144,-73.95326
222,Roosevelt Island (F),13,8357.0,40.759144,-73.95326
222,Roosevelt Island (F),14,8708.0,40.759144,-73.95326
222,Roosevelt Island (F),15,10063.0,40.759144,-73.95326
222,Roosevelt Island (F),16,10120.0,40.759144,-73.95326
222,Roosevelt Island (F),17,11755.0,40.759144,-73.95326
222,Roosevelt Island (F),18,10578.0,40.759144,-73.95326
222,Roosevelt Island (F),19,7154.0,40.759144,-73.95326
222,Roosevelt Island (F),20,4025.0,40.759144,-73.95326
222,Roosevelt Island (F),21,2328.0,40.759144,-73.95326
223,"Lexington Av/63 St (F,Q)",10,9646.0,40.76463,-73.96611
223,"Lexington Av/63 St (F,Q)",11,11694.0,40.76463,-73.96611
223,"Lexington Av/63 St (F,Q)",12,14507.0,40.76462999999999,-73.96611
223,"Lexington Av/63 St (F,Q)",13,15893.0,40.76463,-73.96611
223,"Lexington Av/63 St (F,Q)",14,21395.0,40.76463,-73.96611
223,"Lexington Av/63 St (F,Q)",15,32829.0,40.76463,-73.96611
223,"Lexington Av/63 St (F,Q)",16,35837.0,40.76463,-73.96611
223,"Lexington Av/63 St (F,Q)",17,21247.0,40.76463,-73.96611
223,"Lexington Av/63 St (F,Q)",18,26171.0,40.76463,-73.96611
223,"Lexington Av/63 St (F,Q)",19,24584.0,40.76463,-73.96611
223,"Lexington Av/63 St (F,Q)",20,16073.0,40.76463,-73.96611
223,"Lexington Av/63 St (F,Q)",21,9630.0,40.76463,-73.96611
224,57 St (F),10,6349.0,40.763973,-73.97745
224,57 St (F),11,8451.0,40.763973,-73.97745
224,57 St (F),12,10118.0,40.763973,-73.97745
224,57 St (F),13,11625.0,40.763973,-73.97745
224,57 St (F),14,16913.0,40.763973,-73.97745
224,57 St (F),15,25224.0,40.763973,-73.97745
224,57 St (F),16,31022.0,40.763973,-73.97745
224,57 St (F),17,19590.0,40.763973,-73.97745
224,57 St (F),18,16440.0,40.763973,-73.97745
224,57 St (F),19,19897.0,40.763973,-73.97745
224,57 St (F),20,10694.0,40.763973,-73.97745
224,57 St (F),21,9685.0,40.763973,-73.97745
225,"47-50 Sts-Rockefeller Ctr (B,D,F,M)",10,18907.0,40.758663,-73.98133
225,"47-50 Sts-Rockefeller Ctr (B,D,F,M)",11,23872.0,40.758663,-73.98133
225,"47-50 Sts-Rockefeller Ctr (B,D,F,M)",12,31395.0,40.758663,-73.98133
225,"47-50 Sts-Rockefeller Ctr (B,D,F,M)",13,29027.0,40.758663,-73.98133
225,"47-50 Sts-Rockefeller Ctr (B,D,F,M)",14,25179.0,40.758663,-73.98133
225,"47-50 Sts-Rockefeller Ctr (B,D,F,M)",15,31053.0,40.758663,-73.98133
225,"47-50 Sts-Rockefeller Ctr (B,D,F,M)",16,41414.0,40.758663,-73.98133
225,"47-50 Sts-Rockefeller Ctr (B,D,F,M)",17,51996.0,40.758663,-73.98133
225,"47-50 Sts-Rockefeller Ctr (B,D,F,M)",18,44982.0,40.758663,-73.98133
225,"47-50 Sts-Rockefeller Ctr (B,D,F,M)",19,25301.0,40.758663,-73.98133
225,"47-50 Sts-Rockefeller Ctr (B,D,F,M)",20,17060.0,40.758663,-73.98133
225,"47-50 Sts-Rockefeller Ctr (B,D,F,M)",21,24579.0,40.758663,-73.98133
228,"23 St (F,M)",10,15659.0,40.742878000000005,-73.99282
228,"23 St (F,M)",11,17329.0,40.742878,-73.99282
228,"23 St (F,M)",12,19172.0,40.742878,-73.99282
228,"23 St (F,M)",13,19405.0,40.742878,-73.99282
228,"23 St (F,M)",14,28096.0,40.742878,-73.99282
228,"23 St (F,M)",15,32991.0,40.742878,-73.99282
228,"23 St (F,M)",16,20279.0,40.742878,-73.99282
228,"23 St (F,M)",17,22334.0,40.742878,-73.99282
228,"23 St (F,M)",18,18826.0,40.742878,-73.99282
228,"23 St (F,M)",19,13129.0,40.742878,-73.99282
228,"23 St (F,M)",20,24788.0,40.742878,-73.99282
228,"23 St (F,M)",21,17588.0,40.742878,-73.99282
231,"Grand St (B,D)",10,11031.0,40.718266,-73.99375
231,"Grand St (B,D)",11,14621.0,40.718266,-73.99375
231,"Grand St (B,D)",12,18618.0,40.718266,-73.99375
231,"Grand St (B,D)",13,22263.0,40.718266,-73.99375
231,"Grand St (B,D)",14,29644.0,40.718266,-73.99375
231,"Grand St (B,D)",15,37068.0,40.718266,-73.99375
231,"Grand St (B,D)",16,40145.0,40.718266,-73.99375
231,"Grand St (B,D)",17,49866.0,40.718266,-73.99375
231,"Grand St (B,D)",18,42422.0,40.718266,-73.99375
231,"Grand St (B,D)",19,25852.0,40.718266,-73.99375
231,"Grand St (B,D)",20,19483.0,40.718266,-73.99375
231,"Grand St (B,D)",21,16350.0,40.718266,-73.99375000000002
232,2 Av (F),10,7079.0,40.7234,-73.98994
232,2 Av (F),11,9492.0,40.7234,-73.98994
232,2 Av (F),12,10593.0,40.7234,-73.98994
232,2 Av (F),13,12498.0,40.7234,-73.98994
232,2 Av (F),14,17100.0,40.7234,-73.98994
232,2 Av (F),15,21688.0,40.7234,-73.98994
232,2 Av (F),16,22520.0,40.7234,-73.98994
232,2 Av (F),17,26067.0,40.7234,-73.98994
232,2 Av (F),18,21690.0,40.7234,-73.98994
232,2 Av (F),19,22072.0,40.7234,-73.98994
232,2 Av (F),20,18707.0,40.7234,-73.98994
232,2 Av (F),21,18592.0,40.7234,-73.98994
234,East Broadway (F),10,8544.0,40.713715,-73.99017
234,East Broadway (F),11,8162.0,40.713715,-73.99017
234,East Broadway (F),12,9747.0,40.713715,-73.99017
234,East Broadway (F),13,9559.0,40.713715,-73.99017
234,East Broadway (F),14,14667.0,40.713715,-73.99017
234,East Broadway (F),15,15788.0,40.713715,-73.99017
234,East Broadway (F),16,20176.0,40.713715,-73.99017
234,East Broadway (F),17,20887.0,40.713715,-73.99017
234,East Broadway (F),18,18140.0,40.713715,-73.99017
234,East Broadway (F),19,14049.0,40.713715,-73.99017
234,East Broadway (F),20,10588.0,40.713715,-73.99017
234,East Broadway (F),21,9627.0,40.713715,-73.99017
276,"5 Av/53 St (E,M)",10,4084.0,40.760166,-73.97523
276,"5 Av/53 St (E,M)",11,6494.0,40.760166,-73.97523
276,"5 Av/53 St (E,M)",12,10390.0,40.760166,-73.97523
276,"5 Av/53 St (E,M)",13,14223.0,40.760166,-73.97523
276,"5 Av/53 St (E,M)",14,21106.0,40.760166,-73.97523
276,"5 Av/53 St (E,M)",15,29844.0,40.760166,-73.97523
276,"5 Av/53 St (E,M)",16,14578.0,40.760166,-73.97523
276,"5 Av/53 St (E,M)",17,19894.0,40.760166,-73.97523
276,"5 Av/53 St (E,M)",18,13563.0,40.76016599999999,-73.97523
276,"5 Av/53 St (E,M)",19,16242.0,40.760166,-73.97523
276,"5 Av/53 St (E,M)",20,11218.0,40.760166,-73.97523
276,"5 Av/53 St (E,M)",21,5385.0,40.760166,-73.97523
277,"7 Av (E,B,D)",10,10974.0,40.762863,-73.981636
277,"7 Av (E,B,D)",11,11073.0,40.762863,-73.981636
277,"7 Av (E,B,D)",12,11871.0,40.762863,-73.981636
277,"7 Av (E,B,D)",13,13061.0,40.762863,-73.981636
277,"7 Av (E,B,D)",14,19960.0,40.762862999999996,-73.981636
277,"7 Av (E,B,D)",15,27730.0,40.762863,-73.981636
277,"7 Av (E,B,D)",16,24824.0,40.762863,-73.981636
277,"7 Av (E,B,D)",17,18648.0,40.762863,-73.981636
277,"7 Av (E,B,D)",18,13415.0,40.762863,-73.981636
277,"7 Av (E,B,D)",19,21576.0,40.762863,-73.981636
277,"7 Av (E,B,D)",20,13742.0,40.762863,-73.981636
277,"7 Av (E,B,D)",21,13882.0,40.762863,-73.981636
296,Marble Hill-225 St (1),10,1904.0,40.87456,-73.90983
296,Marble Hill-225 St (1),11,1558.0,40.87456,-73.90983
296,Marble Hill-225 St (1),12,1528.0,40.87456,-73.90983
296,Marble Hill-225 St (1),13,1879.0,40.87456,-73.90983
296,Marble Hill-225 St (1),14,2326.0,40.87456,-73.90983
296,Marble Hill-225 St (1),15,3033.0,40.87456,-73.90983
296,Marble Hill-225 St (1),16,3134.0,40.87456,-73.90983
296,Marble Hill-225 St (1),17,2653.0,40.87456,-73.90983
296,Marble Hill-225 St (1),18,2164.0,40.87456,-73.90983
296,Marble Hill-225 St (1),19,1489.0,40.87456,-73.90983
296,Marble Hill-225 St (1),20,927.0,40.87456,-73.90983
296,Marble Hill-225 St (1),21,582.0,40.87456,-73.90983
297,215 St (1),10,732.0,40.869446,-73.915276
297,215 St (1),11,587.0,40.869446,-73.915276
297,215 St (1),12,967.0,40.869446,-73.915276
297,215 St (1),13,968.0,40.869446,-73.915276
297,215 St (1),14,1286.0,40.869446,-73.915276
297,215 St (1),15,2240.0,40.869446,-73.915276
297,215 St (1),16,2341.0,40.869446,-73.915276
297,215 St (1),17,2173.0,40.869446,-73.915276
297,215 St (1),18,1037.0,40.869446,-73.915276
297,215 St (1),19,547.0,40.869446,-73.915276
297,215 St (1),20,413.0,40.869446,-73.915276
297,215 St (1),21,719.0,40.869446,-73.915276
298,207 St (1),10,2161.0,40.864619999999995,-73.91882
298,207 St (1),11,2014.0,40.86462,-73.91882
298,207 St (1),12,2103.0,40.86462,-73.91882
298,207 St (1),13,2285.0,40.86462,-73.91882
298,207 St (1),14,3307.0,40.86462,-73.91882
298,207 St (1),15,6207.0,40.86462,-73.91882
298,207 St (1),16,3816.0,40.86462,-73.91882
298,207 St (1),17,3405.0,40.86462,-73.91882
298,207 St (1),18,2698.0,40.86462,-73.91882
298,207 St (1),19,1556.0,40.86462000000001,-73.91882
298,207 St (1),20,959.0,40.86462,-73.91882
298,207 St (1),21,560.0,40.86462,-73.91882
299,Dyckman St (1),10,2977.0,40.86053,-73.92554
299,Dyckman St (1),11,3134.0,40.86053,-73.92554
299,Dyckman St (1),12,2970.0,40.86053,-73.92554
299,Dyckman St (1),13,3726.0,40.86053,-73.92554
299,Dyckman St (1),14,4542.0,40.86053,-73.92554
299,Dyckman St (1),15,4628.0,40.86053,-73.92554
299,Dyckman St (1),16,4382.0,40.86053,-73.92554
299,Dyckman St (1),17,3932.0,40.86053,-73.92554
299,Dyckman St (1),18,2988.0,40.86053,-73.92554
299,Dyckman St (1),19,1779.0,40.86053,-73.92554
299,Dyckman St (1),20,1092.0,40.86053,-73.92554
299,Dyckman St (1),21,632.0,40.86053,-73.92554
300,191 St (1),10,3498.0,40.855225,-73.92941
300,191 St (1),11,3429.0,40.855225,-73.92941
300,191 St (1),12,3127.0,40.855225,-73.92941
300,191 St (1),13,3969.0,40.855225,-73.92941
300,191 St (1),14,8935.0,40.855225,-73.92941
300,191 St (1),15,7029.0,40.855225,-73.92941
300,191 St (1),16,5754.0,40.855225,-73.92941
300,191 St (1),17,4727.0,40.855225,-73.92941
300,191 St (1),18,3207.0,40.855225,-73.92941
300,191 St (1),19,2115.0,40.855225,-73.92941000000002
300,191 St (1),20,1203.0,40.855225,-73.92941
300,191 St (1),21,702.0,40.855225,-73.92941
301,181 St (1),10,6623.0,40.849506,-73.93359
301,181 St (1),11,6124.0,40.849506,-73.93359
301,181 St (1),12,6432.0,40.849506,-73.93359
301,181 St (1),13,7840.0,40.849506000000005,-73.93359
301,181 St (1),14,8977.0,40.849506,-73.93359
301,181 St (1),15,9215.0,40.849506,-73.93359
301,181 St (1),16,8924.0,40.849506000000005,-73.93359
301,181 St (1),17,7696.0,40.849506,-73.93359
301,181 St (1),18,6131.0,40.849506,-73.93359
301,181 St (1),19,3668.0,40.849506,-73.93359
301,181 St (1),20,2219.0,40.849506,-73.93359
301,181 St (1),21,1214.0,40.849506,-73.93359
303,157 St (1),10,7120.0,40.83404,-73.94489
303,157 St (1),11,5591.0,40.83404,-73.94489
303,157 St (1),12,6715.0,40.83404,-73.94489
303,157 St (1),13,6938.0,40.83404,-73.94489
303,157 St (1),14,6387.0,40.83404,-73.94489
303,157 St (1),15,8574.0,40.83404,-73.94489
303,157 St (1),16,7744.0,40.83404,-73.94489
303,157 St (1),17,7860.0,40.83404,-73.94489
303,157 St (1),18,6236.0,40.83404,-73.94489
303,157 St (1),19,3711.0,40.83404,-73.94489
303,157 St (1),20,2207.0,40.83404,-73.94489
303,157 St (1),21,1265.0,40.83404,-73.94489
304,145 St (1),10,6861.0,40.82655,-73.95036
304,145 St (1),11,6750.0,40.82655,-73.95036
304,145 St (1),12,6937.0,40.82655,-73.95036
304,145 St (1),13,6922.0,40.82655,-73.95036
304,145 St (1),14,7101.0,40.82655,-73.95036
304,145 St (1),15,6936.0,40.82655,-73.95036
304,145 St (1),16,6673.0,40.82655,-73.95036
304,145 St (1),17,7316.0,40.82655,-73.95036
304,145 St (1),18,6308.0,40.82655,-73.95036
304,145 St (1),19,3961.0,40.826550000000005,-73.95036
304,145 St (1),20,2672.0,40.82655,-73.95036
304,145 St (1),21,1900.0,40.82655,-73.95036
305,137 St-City College (1),10,7681.0,40.822006,-73.953674
305,137 St-City College (1),11,7836.0,40.822006,-73.953674
305,137 St-City College (1),12,8889.0,40.822006,-73.953674
305,137 St-City College (1),13,8184.0,40.822006,-73.953674
305,137 St-City College (1),14,11974.0,40.822006,-73.953674
305,137 St-City College (1),15,14594.0,40.82200600000001,-73.953674
305,137 St-City College (1),16,11749.0,40.822005999999995,-73.953674
305,137 St-City College (1),17,12703.0,40.822005999999995,-73.953674
305,137 St-City College (1),18,10830.0,40.822006,-73.953674
305,137 St-City College (1),19,5829.0,40.822006,-73.953674
305,137 St-City College (1),20,3838.0,40.822006,-73.953674
305,137 St-City College (1),21,2431.0,40.822006,-73.953674
306,125 St (1),10,4445.0,40.815582,-73.958374
306,125 St (1),11,5378.0,40.815582,-73.958374
306,125 St (1),12,8221.0,40.815582,-73.958374
306,125 St (1),13,7459.0,40.815582,-73.958374
306,125 St (1),14,7823.0,40.815582,-73.958374
306,125 St (1),15,10334.0,40.815582,-73.958374
306,125 St (1),16,13039.0,40.815582,-73.958374
306,125 St (1),17,17757.0,40.815582000000006,-73.958374
306,125 St (1),18,10191.0,40.815582,-73.958374
306,125 St (1),19,8297.0,40.815582,-73.958374
306,125 St (1),20,5667.0,40.815582,-73.958374
306,125 St (1),21,6161.0,40.815582,-73.958374
307,116 St-Columbia University (1),10,7659.0,40.80772,-73.96411
307,116 St-Columbia University (1),11,12342.0,40.80772,-73.96411
307,116 St-Columbia University (1),12,15844.0,40.80772,-73.96411
307,116 St-Columbia University (1),13,15711.0,40.80772,-73.96411
307,116 St-Columbia University (1),14,21221.0,40.80772,-73.96411
307,116 St-Columbia University (1),15,23830.0,40.807719999999996,-73.96411
307,116 St-Columbia University (1),16,11438.0,40.80772,-73.96411
307,116 St-Columbia University (1),17,12275.0,40.80772,-73.96411
307,116 St-Columbia University (1),18,10463.0,40.80772,-73.96411
307,116 St-Columbia University (1),19,21705.0,40.80772,-73.96411
307,116 St-Columbia University (1),20,20271.0,40.80772,-73.96411
307,116 St-Columbia University (1),21,13944.0,40.80772,-73.96411
308,Cathedral Pkwy (110 St) (1),10,8188.0,40.803967,-73.96685
308,Cathedral Pkwy (110 St) (1),11,8998.0,40.803967,-73.96685
308,Cathedral Pkwy (110 St) (1),12,10093.0,40.803967,-73.96685
308,Cathedral Pkwy (110 St) (1),13,11063.0,40.803967,-73.96685
308,Cathedral Pkwy (110 St) (1),14,12511.0,40.803967,-73.96685
308,Cathedral Pkwy (110 St) (1),15,17828.0,40.803967,-73.96685
308,Cathedral Pkwy (110 St) (1),16,19104.0,40.803967,-73.96685
308,Cathedral Pkwy (110 St) (1),17,21783.0,40.803967,-73.96685
308,Cathedral Pkwy (110 St) (1),18,17442.0,40.80396700000001,-73.96685
308,Cathedral Pkwy (110 St) (1),19,12100.0,40.803967,-73.96685
308,Cathedral Pkwy (110 St) (1),20,7535.0,40.803967,-73.96685
308,Cathedral Pkwy (110 St) (1),21,6703.0,40.803967,-73.96685
309,103 St (1),10,10286.0,40.799446,-73.968376
309,103 St (1),11,9404.0,40.799446,-73.968376
309,103 St (1),12,9073.0,40.799446,-73.968376
309,103 St (1),13,8791.0,40.799446,-73.968376
309,103 St (1),14,9244.0,40.799446,-73.968376
309,103 St (1),15,11039.0,40.799446,-73.968376
309,103 St (1),16,11611.0,40.799446,-73.968376
309,103 St (1),17,13071.0,40.799446,-73.968376
309,103 St (1),18,13078.0,40.799446,-73.968376
309,103 St (1),19,9305.0,40.799446,-73.968376
309,103 St (1),20,5991.0,40.799446,-73.968376
309,103 St (1),21,4190.0,40.799446,-73.968376
310,"96 St (1,2,3)",10,30351.0,40.79392,-73.97232
310,"96 St (1,2,3)",11,27376.0,40.79392,-73.97232
310,"96 St (1,2,3)",12,28846.0,40.79392,-73.97232
310,"96 St (1,2,3)",13,30149.0,40.79392,-73.97232
310,"96 St (1,2,3)",14,32603.0,40.79392,-73.97232
310,"96 St (1,2,3)",15,33423.0,40.79392,-73.97232
310,"96 St (1,2,3)",16,29132.0,40.79392,-73.97232
310,"96 St (1,2,3)",17,24037.0,40.79392,-73.97232
310,"96 St (1,2,3)",18,23837.0,40.79392,-73.97232
310,"96 St (1,2,3)",19,27793.0,40.79392,-73.97232
310,"96 St (1,2,3)",20,21095.0,40.79392,-73.97232
310,"96 St (1,2,3)",21,14536.0,40.79392,-73.97232
311,86 St (1),10,12525.0,40.788643,-73.97622
311,86 St (1),11,11086.0,40.788643,-73.97622
311,86 St (1),12,12854.0,40.788643,-73.97622
311,86 St (1),13,13002.0,40.788643,-73.97622
311,86 St (1),14,15785.0,40.788643,-73.97622
311,86 St (1),15,27938.0,40.788643,-73.97622
311,86 St (1),16,27662.0,40.788643,-73.97622
311,86 St (1),17,26993.0,40.788643,-73.97622
311,86 St (1),18,22825.0,40.788643,-73.97622
311,86 St (1),19,15442.0,40.788643,-73.97622
311,86 St (1),20,9448.0,40.788643,-73.97622
311,86 St (1),21,8795.0,40.788643,-73.97622
312,79 St (1),10,11786.0,40.783936,-73.97992
312,79 St (1),11,10717.0,40.783936,-73.97992
312,79 St (1),12,12315.0,40.783936,-73.97992
312,79 St (1),13,12688.0,40.783936,-73.97992
312,79 St (1),14,14974.0,40.783936000000004,-73.97992
312,79 St (1),15,19087.0,40.783936,-73.97992
312,79 St (1),16,25410.0,40.783936,-73.97992
312,79 St (1),17,25564.0,40.783936,-73.97992
312,79 St (1),18,23694.0,40.783936,-73.97992
312,79 St (1),19,14814.0,40.783936,-73.97992
312,79 St (1),20,9603.0,40.783936,-73.97992
312,79 St (1),21,7172.0,40.783936,-73.97992
313,"72 St (1,2,3)",10,29114.0,40.778454,-73.98197
313,"72 St (1,2,3)",11,27808.0,40.778454,-73.98197
313,"72 St (1,2,3)",12,24551.0,40.778454,-73.98197
313,"72 St (1,2,3)",13,26262.0,40.778454,-73.98197
313,"72 St (1,2,3)",14,34244.0,40.778454,-73.98197
313,"72 St (1,2,3)",15,24144.0,40.778454,-73.98197
313,"72 St (1,2,3)",16,28573.0,40.778454,-73.98197
313,"72 St (1,2,3)",17,25811.0,40.778454,-73.98197
313,"72 St (1,2,3)",18,22889.0,40.778454,-73.98197
313,"72 St (1,2,3)",19,18410.0,40.778454,-73.98197
313,"72 St (1,2,3)",20,30192.0,40.778454,-73.98197
313,"72 St (1,2,3)",21,23136.0,40.778454,-73.98197
314,66 St-Lincoln Center (1),10,10053.0,40.77344,-73.98221
314,66 St-Lincoln Center (1),11,11428.0,40.77344,-73.98221
314,66 St-Lincoln Center (1),12,13790.0,40.77344,-73.98221
314,66 St-Lincoln Center (1),13,16133.0,40.77344,-73.98221
314,66 St-Lincoln Center (1),14,27013.0,40.77344,-73.98221
314,66 St-Lincoln Center (1),15,44866.0,40.77344,-73.98221
314,66 St-Lincoln Center (1),16,37417.0,40.77344,-73.98221
314,66 St-Lincoln Center (1),17,28557.0,40.77344,-73.98221
314,66 St-Lincoln Center (1),18,32174.0,40.77344,-73.98221
314,66 St-Lincoln Center (1),19,22534.0,40.77344,-73.98221
314,66 St-Lincoln Center (1),20,19932.0,40.77344,-73.98221
314,66 St-Lincoln Center (1),21,22147.0,40.77344,-73.98221
316,50 St (1),10,16454.0,40.761726,-73.98385
316,50 St (1),11,13860.0,40.761726,-73.98385
316,50 St (1),12,14971.0,40.761726,-73.98385
316,50 St (1),13,16309.0,40.761726,-73.98385
316,50 St (1),14,22554.0,40.761726,-73.98385
316,50 St (1),15,32574.0,40.761726,-73.98385
316,50 St (1),16,22841.0,40.761726,-73.98385
316,50 St (1),17,22921.0,40.761726,-73.98385
316,50 St (1),18,18146.0,40.761726,-73.98385
316,50 St (1),19,20663.0,40.761726,-73.98385
316,50 St (1),20,22920.0,40.761726,-73.98385
316,50 St (1),21,29005.0,40.761726,-73.98385
318,"34 St-Penn Station (1,2,3)",10,18545.0,40.750374,-73.99106
318,"34 St-Penn Station (1,2,3)",11,16414.0,40.750374,-73.99106
318,"34 St-Penn Station (1,2,3)",12,17726.0,40.750374,-73.99106
318,"34 St-Penn Station (1,2,3)",13,18153.0,40.750374,-73.99106
318,"34 St-Penn Station (1,2,3)",14,19264.0,40.750374,-73.99106
318,"34 St-Penn Station (1,2,3)",15,24218.0,40.750374,-73.99106
318,"34 St-Penn Station (1,2,3)",16,28486.0,40.750374,-73.99106
318,"34 St-Penn Station (1,2,3)",17,36383.0,40.750374,-73.99106
318,"34 St-Penn Station (1,2,3)",18,28512.0,40.750374,-73.99106
318,"34 St-Penn Station (1,2,3)",19,17507.0,40.750374,-73.99106
318,"34 St-Penn Station (1,2,3)",20,14828.0,40.750374,-73.99106
318,"34 St-Penn Station (1,2,3)",21,13973.0,40.750374,-73.99106
319,28 St (1),10,11289.0,40.747215,-73.99336
319,28 St (1),11,10144.0,40.747215,-73.99336
319,28 St (1),12,10553.0,40.747215,-73.99336
319,28 St (1),13,11043.0,40.747215,-73.99336
319,28 St (1),14,11394.0,40.747215,-73.99336
319,28 St (1),15,16003.0,40.747215,-73.99336
319,28 St (1),16,21348.0,40.747215,-73.99336
319,28 St (1),17,27655.0,40.747215,-73.99336
319,28 St (1),18,24539.0,40.747215,-73.99336
319,28 St (1),19,14062.0,40.747215,-73.99336
319,28 St (1),20,11735.0,40.747215,-73.99336
319,28 St (1),21,9430.0,40.747215,-73.99336
320,23 St (1),10,8656.0,40.74408,-73.99566
320,23 St (1),11,9005.0,40.74408,-73.99566
320,23 St (1),12,10176.0,40.74408,-73.99566
320,23 St (1),13,11037.0,40.74408,-73.99566
320,23 St (1),14,13765.0,40.74408,-73.99566
320,23 St (1),15,20233.0,40.74408,-73.99566
320,23 St (1),16,21768.0,40.74408,-73.99566
320,23 St (1),17,27101.0,40.74408,-73.99566
320,23 St (1),18,23952.0,40.74408,-73.99566
320,23 St (1),19,16430.0,40.74408,-73.99566
320,23 St (1),20,11559.0,40.74408,-73.99566
320,23 St (1),21,9874.0,40.74408,-73.99566
321,18 St (1),10,4104.0,40.74104,-73.99787
321,18 St (1),11,3803.0,40.741040000000005,-73.99787
321,18 St (1),12,4669.0,40.74104,-73.99787
321,18 St (1),13,5769.0,40.74104,-73.99787
321,18 St (1),14,7497.0,40.74104,-73.99787
321,18 St (1),15,11333.0,40.74104,-73.99787
321,18 St (1),16,12328.0,40.74104,-73.99787
321,18 St (1),17,15532.0,40.74104,-73.99787
321,18 St (1),18,13497.0,40.74104,-73.99787
321,18 St (1),19,8890.0,40.74104,-73.99787
321,18 St (1),20,6353.0,40.741040000000005,-73.99787
321,18 St (1),21,5822.0,40.74104,-73.99787
323,Christopher St-Sheridan Sq (1),10,5516.0,40.73342,-74.00291
323,Christopher St-Sheridan Sq (1),11,5897.0,40.73342,-74.00291
323,Christopher St-Sheridan Sq (1),12,8375.0,40.73342,-74.00291
323,Christopher St-Sheridan Sq (1),13,11047.0,40.73342,-74.00291
323,Christopher St-Sheridan Sq (1),14,13906.0,40.73342,-74.00291
323,Christopher St-Sheridan Sq (1),15,17165.0,40.73342,-74.00291
323,Christopher St-Sheridan Sq (1),16,18587.0,40.73342,-74.00291
323,Christopher St-Sheridan Sq (1),17,19501.0,40.73342,-74.00291
323,Christopher St-Sheridan Sq (1),18,19005.0,40.73342,-74.00291
323,Christopher St-Sheridan Sq (1),19,16315.0,40.73342,-74.00291
323,Christopher St-Sheridan Sq (1),20,13840.0,40.73342,-74.00291
323,Christopher St-Sheridan Sq (1),21,14316.0,40.73342,-74.00291
324,Houston St (1),10,6410.0,40.728252,-74.00536
324,Houston St (1),11,6610.0,40.728252,-74.00536
324,Houston St (1),12,8564.0,40.728252,-74.00536
324,Houston St (1),13,11119.0,40.728252,-74.00536
324,Houston St (1),14,15652.0,40.728252,-74.00536
324,Houston St (1),15,23601.0,40.728252,-74.00536
324,Houston St (1),16,15720.0,40.728252,-74.00536
324,Houston St (1),17,13216.0,40.728252,-74.00536000000001
324,Houston St (1),18,16700.0,40.728252,-74.00536
324,Houston St (1),19,14677.0,40.728252,-74.00536
324,Houston St (1),20,10485.0,40.728252,-74.00536
324,Houston St (1),21,8433.0,40.728252,-74.00536
325,Canal St (1),10,1964.0,40.722855,-74.00628
325,Canal St (1),11,2222.0,40.722855,-74.00628
325,Canal St (1),12,2800.0,40.722854999999996,-74.00628
325,Canal St (1),13,3486.0,40.722855,-74.00628
325,Canal St (1),14,4062.0,40.722855,-74.00628
325,Canal St (1),15,5662.0,40.722855,-74.00628
325,Canal St (1),16,9585.0,40.722855,-74.00628
325,Canal St (1),17,17237.0,40.722855,-74.00628
325,Canal St (1),18,11580.0,40.722855,-74.00628
325,Canal St (1),19,5726.0,40.722855,-74.00628
325,Canal St (1),20,3760.0,40.722855,-74.00628
325,Canal St (1),21,3182.0,40.722855,-74.00628
326,Franklin St (1),10,3231.0,40.71932,-74.00689
326,Franklin St (1),11,3439.0,40.71932,-74.00689
326,Franklin St (1),12,4321.0,40.71932,-74.00689
326,Franklin St (1),13,4192.0,40.71932,-74.00689
326,Franklin St (1),14,5490.0,40.71932,-74.00689
326,Franklin St (1),15,8142.0,40.71932,-74.00689
326,Franklin St (1),16,11224.0,40.71932,-74.00689
326,Franklin St (1),17,16245.0,40.71932,-74.00689
326,Franklin St (1),18,11333.0,40.71932,-74.00689
326,Franklin St (1),19,7016.0,40.71932,-74.00689
326,Franklin St (1),20,4459.0,40.71932,-74.00689
326,Franklin St (1),21,2989.0,40.71932,-74.00689
327,"Chambers St (1,2,3)",10,7668.0,40.715477,-74.00927
327,"Chambers St (1,2,3)",11,9515.0,40.715477,-74.00927
327,"Chambers St (1,2,3)",12,10663.0,40.715477,-74.00927
327,"Chambers St (1,2,3)",13,14138.0,40.715477,-74.00927
327,"Chambers St (1,2,3)",14,21478.0,40.715477,-74.00927
327,"Chambers St (1,2,3)",15,39222.0,40.715477,-74.00927
327,"Chambers St (1,2,3)",16,26965.0,40.715477,-74.00927
327,"Chambers St (1,2,3)",17,23591.0,40.715477,-74.00927
327,"Chambers St (1,2,3)",18,20651.0,40.715477,-74.00927
327,"Chambers St (1,2,3)",19,23170.0,40.715477,-74.00927
327,"Chambers St (1,2,3)",20,12825.0,40.71547699999999,-74.00927
327,"Chambers St (1,2,3)",21,7968.0,40.715477,-74.00927
328,WTC Cortlandt (1),10,9561.0,40.711834,-74.01219
328,WTC Cortlandt (1),11,13078.0,40.711834,-74.01219
328,WTC Cortlandt (1),12,14337.0,40.711834,-74.01219
328,WTC Cortlandt (1),13,14711.0,40.711834,-74.01219
328,WTC Cortlandt (1),14,19032.0,40.711834,-74.01219
328,WTC Cortlandt (1),15,20830.0,40.711834,-74.01219
328,WTC Cortlandt (1),16,32987.0,40.711834,-74.01219
328,WTC Cortlandt (1),17,21474.0,40.711834,-74.01219
328,WTC Cortlandt (1),18,26009.0,40.711834,-74.01219
328,WTC Cortlandt (1),19,16926.0,40.711834,-74.01219
328,WTC Cortlandt (1),20,6415.0,40.711834,-74.01219
328,WTC Cortlandt (1),21,3662.0,40.711834,-74.01219
329,Rector St (1),10,6095.0,40.70751,-74.01379
329,Rector St (1),11,6379.0,40.70751,-74.01379
329,Rector St (1),12,6300.0,40.70751,-74.01379
329,Rector St (1),13,6167.0,40.70751,-74.01379
329,Rector St (1),14,7309.0,40.70751,-74.01379
329,Rector St (1),15,9593.0,40.70751,-74.01379
329,Rector St (1),16,11527.0,40.70751,-74.01379
329,Rector St (1),17,15052.0,40.70751,-74.01379
329,Rector St (1),18,12250.0,40.70751,-74.01379
329,Rector St (1),19,6024.0,40.70751,-74.01379
329,Rector St (1),20,3808.0,40.70751,-74.01379
329,Rector St (1),21,1823.0,40.70751,-74.01379
333,"Wall St (2,3)",10,10478.0,40.70682,-74.0091
333,"Wall St (2,3)",11,9366.0,40.70682,-74.0091
333,"Wall St (2,3)",12,11120.0,40.70682,-74.0091
333,"Wall St (2,3)",13,12711.0,40.70682,-74.0091
333,"Wall St (2,3)",14,16328.0,40.70682,-74.0091
333,"Wall St (2,3)",15,27143.0,40.70682,-74.0091
333,"Wall St (2,3)",16,21917.0,40.70682,-74.0091
333,"Wall St (2,3)",17,23607.0,40.70682,-74.0091
333,"Wall St (2,3)",18,18438.0,40.70682,-74.0091
333,"Wall St (2,3)",19,19482.0,40.70682,-74.0091
333,"Wall St (2,3)",20,12224.0,40.70682,-74.0091
333,"Wall St (2,3)",21,8220.0,40.70682,-74.0091
392,"125 St (4,5,6)",10,16222.0,40.80413999999999,-73.93759
392,"125 St (4,5,6)",11,13387.0,40.80414,-73.93759
392,"125 St (4,5,6)",12,14463.0,40.804140000000004,-73.93759
392,"125 St (4,5,6)",13,16912.0,40.80414,-73.93759
392,"125 St (4,5,6)",14,23226.0,40.80414,-73.93759
392,"125 St (4,5,6)",15,34366.0,40.80414,-73.93759
392,"125 St (4,5,6)",16,38608.0,40.80414,-73.93759
392,"125 St (4,5,6)",17,37795.0,40.80414,-73.93759
392,"125 St (4,5,6)",18,29788.0,40.80414,-73.93759
392,"125 St (4,5,6)",19,17119.0,40.80414,-73.93759000000001
392,"125 St (4,5,6)",20,11124.0,40.80414,-73.93759
392,"125 St (4,5,6)",21,7499.0,40.80414,-73.93759
393,116 St (6),10,7410.0,40.79863,-73.94162
393,116 St (6),11,7269.0,40.79863,-73.94162
393,116 St (6),12,6679.0,40.79863,-73.94162
393,116 St (6),13,7514.0,40.79863,-73.94162
393,116 St (6),14,11572.0,40.79863,-73.94162
393,116 St (6),15,19347.0,40.79863,-73.94162
393,116 St (6),16,16707.0,40.79863,-73.94162
393,116 St (6),17,14731.0,40.79863,-73.94162
393,116 St (6),18,8331.0,40.79863,-73.94162
393,116 St (6),19,6255.0,40.79863,-73.94162
393,116 St (6),20,3454.0,40.79863,-73.94162
393,116 St (6),21,1955.0,40.798629999999996,-73.94162
394,110 St (6),10,5900.0,40.79502,-73.94425
394,110 St (6),11,5256.0,40.79502,-73.94425
394,110 St (6),12,5682.0,40.79502,-73.94425
394,110 St (6),13,5845.0,40.79502,-73.94425
394,110 St (6),14,10267.0,40.79502,-73.94425
394,110 St (6),15,10794.0,40.79502,-73.94425
394,110 St (6),16,11158.0,40.79502,-73.94425
394,110 St (6),17,11032.0,40.79502,-73.94425
394,110 St (6),18,6296.0,40.79502,-73.94425
394,110 St (6),19,4880.0,40.79502,-73.94425
394,110 St (6),20,2797.0,40.79502,-73.94425
394,110 St (6),21,1439.0,40.79502,-73.94425
395,103 St (6),10,6084.0,40.7906,-73.94748
395,103 St (6),11,5516.0,40.7906,-73.94748
395,103 St (6),12,6104.0,40.7906,-73.94748
395,103 St (6),13,7637.0,40.7906,-73.94748
395,103 St (6),14,11524.0,40.7906,-73.94748
395,103 St (6),15,22672.0,40.7906,-73.94748
395,103 St (6),16,18412.0,40.7906,-73.94748
395,103 St (6),17,17332.0,40.7906,-73.94748
395,103 St (6),18,9688.0,40.7906,-73.94748
395,103 St (6),19,6446.0,40.7906,-73.94748
395,103 St (6),20,3145.0,40.7906,-73.94748
395,103 St (6),21,2005.0,40.7906,-73.94748
396,96 St (6),10,9701.0,40.78567,-73.95107
396,96 St (6),11,12337.0,40.78567,-73.95107000000002
396,96 St (6),12,9701.0,40.78567,-73.95107
396,96 St (6),13,12220.0,40.78567,-73.95107
396,96 St (6),14,20295.0,40.78567,-73.95107
396,96 St (6),15,32338.0,40.78567,-73.95107
396,96 St (6),16,33960.0,40.78567,-73.95107
396,96 St (6),17,32708.0,40.78567,-73.95107
396,96 St (6),18,18747.0,40.78567,-73.95107
396,96 St (6),19,13844.0,40.78567,-73.95107
396,96 St (6),20,6735.0,40.78567,-73.95107
396,96 St (6),21,4173.0,40.78567,-73.95107
397,"86 St (4,5,6)",10,27570.0,40.77949,-73.95559
397,"86 St (4,5,6)",11,26870.0,40.77949,-73.95559
397,"86 St (4,5,6)",12,30423.0,40.77949,-73.95559
397,"86 St (4,5,6)",13,34422.0,40.77949,-73.95559
397,"86 St (4,5,6)",14,25856.0,40.77949,-73.95559
397,"86 St (4,5,6)",15,36371.0,40.77949,-73.95559
397,"86 St (4,5,6)",16,39504.0,40.77949,-73.95559
397,"86 St (4,5,6)",17,40104.0,40.77949,-73.95559
397,"86 St (4,5,6)",18,29632.0,40.77949,-73.95559
397,"86 St (4,5,6)",19,23861.0,40.77949,-73.95559
397,"86 St (4,5,6)",20,28839.0,40.77949,-73.95559
397,"86 St (4,5,6)",21,23172.0,40.77949,-73.95559
398,77 St (6),10,16340.0,40.77362,-73.95988
398,77 St (6),11,15887.0,40.77362,-73.95988
398,77 St (6),12,19695.0,40.77362,-73.95988
398,77 St (6),13,23587.0,40.77362,-73.95988
398,77 St (6),14,31703.0,40.77362,-73.95988
398,77 St (6),15,29011.0,40.77362,-73.95988
398,77 St (6),16,28911.0,40.77362,-73.95988
398,77 St (6),17,23780.0,40.77362,-73.95988
398,77 St (6),18,20818.0,40.77362,-73.95988
398,77 St (6),19,22910.0,40.77362,-73.95988
398,77 St (6),20,17903.0,40.77362,-73.95988
398,77 St (6),21,10265.0,40.77362,-73.95988
399,68 St-Hunter College (6),10,10330.0,40.768143,-73.96387
399,68 St-Hunter College (6),11,17164.0,40.768143,-73.96387
399,68 St-Hunter College (6),12,21431.0,40.768143,-73.96387
399,68 St-Hunter College (6),13,19815.0,40.768143,-73.96387
399,68 St-Hunter College (6),14,29358.0,40.768143,-73.96387
399,68 St-Hunter College (6),15,32511.0,40.768143,-73.96387
399,68 St-Hunter College (6),16,26989.0,40.768143,-73.96387
399,68 St-Hunter College (6),17,27695.0,40.768143,-73.96387
399,68 St-Hunter College (6),18,21101.0,40.768143,-73.96387
399,68 St-Hunter College (6),19,26086.0,40.768143,-73.96387
399,68 St-Hunter College (6),20,21823.0,40.768143,-73.96387
399,68 St-Hunter College (6),21,9814.0,40.768143,-73.96387
403,33 St (6),10,18671.0,40.746082,-73.98208
403,33 St (6),11,18172.0,40.746082,-73.98208
403,33 St (6),12,18186.0,40.746081999999994,-73.98208
403,33 St (6),13,22811.0,40.746082,-73.98208
403,33 St (6),14,28394.0,40.746082,-73.98208
403,33 St (6),15,39903.0,40.746082,-73.98208
403,33 St (6),16,23484.0,40.746082,-73.98208
403,33 St (6),17,22889.0,40.746082,-73.98208
403,33 St (6),18,15297.0,40.746082,-73.98208
403,33 St (6),19,29323.0,40.746082,-73.98208
403,33 St (6),20,18729.0,40.746081999999994,-73.98208
403,33 St (6),21,14254.0,40.746082,-73.98208
404,28 St (6),10,11402.0,40.74307,-73.98426
404,28 St (6),11,12283.0,40.74307,-73.98426
404,28 St (6),12,14523.0,40.74307,-73.98426
404,28 St (6),13,14755.0,40.74307,-73.98426
404,28 St (6),14,20421.0,40.74307,-73.98426
404,28 St (6),15,27898.0,40.74307,-73.98426
404,28 St (6),16,24895.0,40.74307,-73.98426
404,28 St (6),17,18720.0,40.74307,-73.98426
404,28 St (6),18,19325.0,40.74307,-73.98426
404,28 St (6),19,22185.0,40.74307,-73.98426
404,28 St (6),20,14823.0,40.74307,-73.98426
404,28 St (6),21,12054.0,40.74307,-73.98426
405,23 St (6),10,16761.0,40.739864,-73.9866
405,23 St (6),11,16780.0,40.739864,-73.9866
405,23 St (6),12,23644.0,40.739864,-73.9866
405,23 St (6),13,20475.0,40.739864,-73.9866
405,23 St (6),14,35328.0,40.739864,-73.9866
405,23 St (6),15,30297.0,40.739864,-73.9866
405,23 St (6),16,25780.0,40.739864,-73.9866
405,23 St (6),17,24967.0,40.739864,-73.9866
405,23 St (6),18,18017.0,40.739864,-73.9866
405,23 St (6),19,16193.0,40.739864,-73.9866
405,23 St (6),20,23316.0,40.739864,-73.9866
405,23 St (6),21,15887.0,40.739864,-73.9866
407,Astor Pl (6),10,8354.0,40.730053,-73.99107
407,Astor Pl (6),11,9135.0,40.730053,-73.99107
407,Astor Pl (6),12,11536.0,40.730053,-73.99107
407,Astor Pl (6),13,13447.0,40.730053,-73.99107
407,Astor Pl (6),14,16641.0,40.730053,-73.99107
407,Astor Pl (6),15,21421.0,40.730053,-73.99107
407,Astor Pl (6),16,24079.0,40.730053,-73.99107
407,Astor Pl (6),17,28487.0,40.730053,-73.99107
407,Astor Pl (6),18,26334.0,40.730053,-73.99107
407,Astor Pl (6),19,21434.0,40.730053,-73.99107
407,Astor Pl (6),20,20951.0,40.730053,-73.99107
407,Astor Pl (6),21,18393.0,40.730053,-73.99107
409,Spring St (6),10,5342.0,40.7223,-73.99714
409,Spring St (6),11,7252.0,40.7223,-73.99714
409,Spring St (6),12,10770.0,40.7223,-73.99714
409,Spring St (6),13,13579.0,40.7223,-73.99714
409,Spring St (6),14,16886.0,40.7223,-73.99714
409,Spring St (6),15,19996.0,40.7223,-73.99714
409,Spring St (6),16,24194.0,40.7223,-73.99713999999999
409,Spring St (6),17,26132.0,40.7223,-73.99714
409,Spring St (6),18,25051.0,40.7223,-73.99714
409,Spring St (6),19,20213.0,40.7223,-73.99714
409,Spring St (6),20,14860.0,40.7223,-73.99714
409,Spring St (6),21,10178.0,40.7223,-73.99714
413,"Wall St (4,5)",10,9748.0,40.707558,-74.01186
413,"Wall St (4,5)",11,9591.0,40.707558,-74.01186
413,"Wall St (4,5)",12,10776.0,40.707558,-74.01186
413,"Wall St (4,5)",13,11777.0,40.707558,-74.01186
413,"Wall St (4,5)",14,14986.0,40.707558,-74.01186
413,"Wall St (4,5)",15,22908.0,40.707558,-74.01186
413,"Wall St (4,5)",16,22445.0,40.707558,-74.01186
413,"Wall St (4,5)",17,18845.0,40.707558,-74.01186
413,"Wall St (4,5)",18,21066.0,40.707558,-74.01186
413,"Wall St (4,5)",19,15561.0,40.707558,-74.01186
413,"Wall St (4,5)",20,8425.0,40.707558,-74.01186
413,"Wall St (4,5)",21,5495.0,40.707558,-74.01186
414,"Bowling Green (4,5)",10,11085.0,40.70481999999999,-74.01407
414,"Bowling Green (4,5)",11,12643.0,40.70482,-74.01407
414,"Bowling Green (4,5)",12,14515.0,40.70482,-74.01407
414,"Bowling Green (4,5)",13,18266.0,40.70482,-74.01407
414,"Bowling Green (4,5)",14,26268.0,40.70482,-74.01407
414,"Bowling Green (4,5)",15,46790.0,40.70482,-74.01407
414,"Bowling Green (4,5)",16,37718.0,40.70482,-74.01407
414,"Bowling Green (4,5)",17,36210.0,40.70482,-74.01407
414,"Bowling Green (4,5)",18,27865.0,40.70482,-74.01407
414,"Bowling Green (4,5)",19,14314.0,40.70481999999999,-74.01407
414,"Bowling Green (4,5)",20,7677.0,40.70482,-74.01407
414,"Bowling Green (4,5)",21,5493.0,40.70482,-74.01407
436,Harlem-148 St (3),10,1401.0,40.82388,-73.93647
436,Harlem-148 St (3),11,979.0,40.82388,-73.93647
436,Harlem-148 St (3),12,935.0,40.82388,-73.93647
436,Harlem-148 St (3),13,1221.0,40.82388,-73.93647
436,Harlem-148 St (3),14,2083.0,40.82388,-73.93647
436,Harlem-148 St (3),15,1387.0,40.82388,-73.93647
436,Harlem-148 St (3),16,1419.0,40.82388,-73.93647
436,Harlem-148 St (3),17,1652.0,40.82388000000001,-73.93647
436,Harlem-148 St (3),18,971.0,40.82388,-73.93647
436,Harlem-148 St (3),19,460.0,40.82388,-73.93647
436,Harlem-148 St (3),20,265.0,40.82388,-73.93647
436,Harlem-148 St (3),21,149.0,40.82388,-73.93647
437,145 St (3),10,923.0,40.82042,-73.93625
437,145 St (3),11,971.0,40.82042,-73.93625
437,145 St (3),12,1021.0,40.82042,-73.93625
437,145 St (3),13,990.0,40.82042,-73.93625
437,145 St (3),14,904.0,40.82042,-73.93625
437,145 St (3),15,1121.0,40.82042,-73.93625
437,145 St (3),16,1201.0,40.82042,-73.93625
437,145 St (3),17,1283.0,40.82042,-73.93625
437,145 St (3),18,943.0,40.82042,-73.93625
437,145 St (3),19,494.0,40.82042,-73.93625
437,145 St (3),20,198.0,40.82042,-73.93625
437,145 St (3),21,96.0,40.82042,-73.93625
438,"135 St (2,3)",10,6629.0,40.814228,-73.94077
438,"135 St (2,3)",11,6533.0,40.814228,-73.94077
438,"135 St (2,3)",12,6875.0,40.814228,-73.94077
438,"135 St (2,3)",13,6881.0,40.814228,-73.94077
438,"135 St (2,3)",14,10796.0,40.814228,-73.94077
438,"135 St (2,3)",15,11094.0,40.814228,-73.94077
438,"135 St (2,3)",16,12822.0,40.814228,-73.94077
438,"135 St (2,3)",17,10370.0,40.814228,-73.94077
438,"135 St (2,3)",18,7138.0,40.814228,-73.94077
438,"135 St (2,3)",19,4328.0,40.814228,-73.94077
438,"135 St (2,3)",20,2878.0,40.814228,-73.94077
438,"135 St (2,3)",21,1566.0,40.814228,-73.94077
439,"125 St (2,3)",10,6764.0,40.807755,-73.945496
439,"125 St (2,3)",11,8043.0,40.807755,-73.945496
439,"125 St (2,3)",12,9350.0,40.807755,-73.945496
439,"125 St (2,3)",13,10750.0,40.80775500000001,-73.945496
439,"125 St (2,3)",14,13367.0,40.807755,-73.94549599999999
439,"125 St (2,3)",15,19204.0,40.807755,-73.945496
439,"125 St (2,3)",16,21130.0,40.807755,-73.945496
439,"125 St (2,3)",17,23621.0,40.807755,-73.945496
439,"125 St (2,3)",18,14052.0,40.807755,-73.945496
439,"125 St (2,3)",19,10286.0,40.80775500000001,-73.945496
439,"125 St (2,3)",20,6030.0,40.807755,-73.945496
439,"125 St (2,3)",21,4829.0,40.807755,-73.945496
440,"116 St (2,3)",10,5362.0,40.802097,-73.94962
440,"116 St (2,3)",11,5787.0,40.802097,-73.94962
440,"116 St (2,3)",12,6971.0,40.802097,-73.94962
440,"116 St (2,3)",13,5276.0,40.802097,-73.94962
440,"116 St (2,3)",14,6197.0,40.802097,-73.94962
440,"116 St (2,3)",15,6277.0,40.802097,-73.94962
440,"116 St (2,3)",16,7012.0,40.802097,-73.94962
440,"116 St (2,3)",17,8542.0,40.802097,-73.94962
440,"116 St (2,3)",18,6949.0,40.802097,-73.94962
440,"116 St (2,3)",19,3832.0,40.802097,-73.94962
440,"116 St (2,3)",20,2631.0,40.802096999999996,-73.94962
440,"116 St (2,3)",21,1426.0,40.802097,-73.94962
441,"Central Park North (110 St) (2,3)",10,4105.0,40.799076,-73.95182
441,"Central Park North (110 St) (2,3)",11,3540.0,40.799076,-73.95182
441,"Central Park North (110 St) (2,3)",12,4022.0,40.799076,-73.95182
441,"Central Park North (110 St) (2,3)",13,4644.0,40.799076,-73.95182
441,"Central Park North (110 St) (2,3)",14,5156.0,40.799076,-73.95182
441,"Central Park North (110 St) (2,3)",15,10375.0,40.799076,-73.95182
441,"Central Park North (110 St) (2,3)",16,7451.0,40.799076,-73.95182
441,"Central Park North (110 St) (2,3)",17,8161.0,40.799076,-73.95182
441,"Central Park North (110 St) (2,3)",18,6260.0,40.799076,-73.95182
441,"Central Park North (110 St) (2,3)",19,3546.0,40.799076,-73.95182
441,"Central Park North (110 St) (2,3)",20,1704.0,40.799076,-73.95182
441,"Central Park North (110 St) (2,3)",21,1495.0,40.799076,-73.95182
471,34 St-Hudson Yards (7),10,9423.0,40.755882,-74.00191
471,34 St-Hudson Yards (7),11,13368.0,40.755882,-74.00191
471,34 St-Hudson Yards (7),12,18067.0,40.755882,-74.00191
471,34 St-Hudson Yards (7),13,21765.0,40.755882,-74.00191
471,34 St-Hudson Yards (7),14,28380.0,40.755882,-74.00191
471,34 St-Hudson Yards (7),15,26048.0,40.755882,-74.00191
471,34 St-Hudson Yards (7),16,22740.0,40.755882,-74.00191
471,34 St-Hudson Yards (7),17,26144.0,40.755882,-74.00191
471,34 St-Hudson Yards (7),18,21863.0,40.755882,-74.00191
471,34 St-Hudson Yards (7),19,24849.0,40.755882,-74.00191
471,34 St-Hudson Yards (7),20,22228.0,40.755882,-74.00191
471,34 St-Hudson Yards (7),21,15039.0,40.755882,-74.00191
475,96 St (Q),10,12326.0,40.784317,-73.94715
475,96 St (Q),11,14333.0,40.78431700000001,-73.94715
475,96 St (Q),12,12077.0,40.784317,-73.94715
475,96 St (Q),13,11891.0,40.784317,-73.94715
475,96 St (Q),14,15376.0,40.784316999999994,-73.94715
475,96 St (Q),15,22965.0,40.784317,-73.94715
475,96 St (Q),16,22350.0,40.784317,-73.94715
475,96 St (Q),17,24121.0,40.784317,-73.94715
475,96 St (Q),18,19595.0,40.784317,-73.94715
475,96 St (Q),19,10968.0,40.784317,-73.94715
475,96 St (Q),20,6893.0,40.784317,-73.94715
475,96 St (Q),21,4222.0,40.784317,-73.94715
476,86 St (Q),10,20751.0,40.777890000000006,-73.95179
476,86 St (Q),11,18575.0,40.77789,-73.95179
476,86 St (Q),12,18303.0,40.77789,-73.95179
476,86 St (Q),13,17852.0,40.777890000000006,-73.95179
476,86 St (Q),14,19651.0,40.77789,-73.95179
476,86 St (Q),15,28148.0,40.77789,-73.95179
476,86 St (Q),16,33732.0,40.77789,-73.95179
476,86 St (Q),17,22406.0,40.77789,-73.95179
476,86 St (Q),18,23126.0,40.77789,-73.95179
476,86 St (Q),19,20079.0,40.77789,-73.95179
476,86 St (Q),20,13895.0,40.77789,-73.95179
476,86 St (Q),21,10499.0,40.77789,-73.95179
477,72 St (Q),10,19811.0,40.76879999999999,-73.95843
477,72 St (Q),11,20766.0,40.7688,-73.95843
477,72 St (Q),12,22386.0,40.7688,-73.95843
477,72 St (Q),13,24398.0,40.7688,-73.95843
477,72 St (Q),14,34735.0,40.7688,-73.95843
477,72 St (Q),15,26036.0,40.7688,-73.95843
477,72 St (Q),16,29415.0,40.7688,-73.95843
477,72 St (Q),17,28229.0,40.7688,-73.95843
477,72 St (Q),18,19371.0,40.7688,-73.95843
477,72 St (Q),19,22630.0,40.7688,-73.95843
477,72 St (Q),20,22247.0,40.7688,-73.95843
477,72 St (Q),21,13422.0,40.7688,-73.95843
601,"14 St (F,M,1,2,3)/6 Av (L)",10,23836.0,40.73819154545454,-73.9963918939394
601,"14 St (F,M,1,2,3)/6 Av (L)",11,27793.0,40.738207510948904,-73.99633919708029
601,"14 St (F,M,1,2,3)/6 Av (L)",12,24446.0,40.738203380597014,-73.99636753731343
601,"14 St (F,M,1,2,3)/6 Av (L)",13,26946.0,40.73821463333333,-73.99629753333333
601,"14 St (F,M,1,2,3)/6 Av (L)",14,22975.0,40.73821367857143,-73.99627130952382
601,"14 St (F,M,1,2,3)/6 Av (L)",15,25295.0,40.73821007821229,-73.99631212290504
601,"14 St (F,M,1,2,3)/6 Av (L)",16,25438.0,40.73821898876405,-73.99629966292136
601,"14 St (F,M,1,2,3)/6 Av (L)",17,26336.0,40.738211301675975,-73.99626430167598
601,"14 St (F,M,1,2,3)/6 Av (L)",18,22339.0,40.73821856470588,-73.99626376470589
601,"14 St (F,M,1,2,3)/6 Av (L)",19,13457.0,40.73821670422535,-73.99627436619718
601,"14 St (F,M,1,2,3)/6 Av (L)",20,14347.0,40.73821908888889,-73.9962734074074
601,"14 St (F,M,1,2,3)/6 Av (L)",21,14421.0,40.7381935390625,-73.99647296875
602,"14 St-Union Sq (L,N,Q,R,W,4,5,6)",10,16555.0,40.73569415436242,-73.98995416107381
602,"14 St-Union Sq (L,N,Q,R,W,4,5,6)",11,17574.0,40.735737,-73.98995779874213
602,"14 St-Union Sq (L,N,Q,R,W,4,5,6)",12,23494.0,40.735730777777775,-73.98995
602,"14 St-Union Sq (L,N,Q,R,W,4,5,6)",13,32411.0,40.735737,-73.98995
602,"14 St-Union Sq (L,N,Q,R,W,4,5,6)",14,47782.0,40.735737,-73.98995317948717
602,"14 St-Union Sq (L,N,Q,R,W,4,5,6)",15,48669.0,40.73573112154696,-73.98995342541436
602,"14 St-Union Sq (L,N,Q,R,W,4,5,6)",16,72325.0,40.735731957345976,-73.98995293838863
602,"14 St-Union Sq (L,N,Q,R,W,4,5,6)",17,71161.0,40.735737,-73.98995300970874
602,"14 St-Union Sq (L,N,Q,R,W,4,5,6)",18,56248.0,40.735737,-73.98995305418718
602,"14 St-Union Sq (L,N,Q,R,W,4,5,6)",19,38590.0,40.735737,-73.98995344444444
602,"14 St-Union Sq (L,N,Q,R,W,4,5,6)",20,30002.0,40.735737,-73.98995704545453
602,"14 St-Union Sq (L,N,Q,R,W,4,5,6)",21,22460.0,40.735737,-73.98995765432099
605,"168 St (A,C,1)",10,14092.0,40.84071096226415,-73.93958150943396
605,"168 St (A,C,1)",11,15260.0,40.84071544660194,-73.93956553398058
605,"168 St (A,C,1)",12,14585.0,40.84070827272727,-73.93959109090909
605,"168 St (A,C,1)",13,17251.0,40.84070886440678,-73.93958898305084
605,"168 St (A,C,1)",14,28203.0,40.8407148807947,-73.93956754966888
605,"168 St (A,C,1)",15,24494.0,40.840713903225804,-73.93957103225806
605,"168 St (A,C,1)",16,19712.0,40.84071209202454,-73.93957748466258
605,"168 St (A,C,1)",17,17555.0,40.84071180519481,-73.9395785064935
605,"168 St (A,C,1)",18,25710.0,40.840713335877865,-73.93957305343513
605,"168 St (A,C,1)",19,20666.0,40.84071148275862,-73.93957965517241
605,"168 St (A,C,1)",20,9314.0,40.84071336363636,-73.93957295454545
605,"168 St (A,C,1)",21,5011.0,40.84070994117647,-73.93958514705882
607,"34 St-Herald Sq (B,D,F,M,N,Q,R,W)",10,22435.0,40.749718,-73.98782
607,"34 St-Herald Sq (B,D,F,M,N,Q,R,W)",11,25132.0,40.74971705555556,-73.98782080246913
607,"34 St-Herald Sq (B,D,F,M,N,Q,R,W)",12,28951.0,40.749718,-73.98782
607,"34 St-Herald Sq (B,D,F,M,N,Q,R,W)",13,33517.0,40.749718,-73.98782
607,"34 St-Herald Sq (B,D,F,M,N,Q,R,W)",14,40052.0,40.749718,-73.98782
607,"34 St-Herald Sq (B,D,F,M,N,Q,R,W)",15,51450.0,40.749718,-73.98782
607,"34 St-Herald Sq (B,D,F,M,N,Q,R,W)",16,67951.0,40.749718,-73.98782
607,"34 St-Herald Sq (B,D,F,M,N,Q,R,W)",17,63541.0,40.749718,-73.98782
607,"34 St-Herald Sq (B,D,F,M,N,Q,R,W)",18,68829.0,40.749718,-73.98782
607,"34 St-Herald Sq (B,D,F,M,N,Q,R,W)",19,44048.0,40.749718,-73.98782
607,"34 St-Herald Sq (B,D,F,M,N,Q,R,W)",20,34018.0,40.749718,-73.98782
607,"34 St-Herald Sq (B,D,F,M,N,Q,R,W)",21,25171.0,40.749718,-73.98782
609,"Bryant Pk (B,D,F,M)/5 Av (7)",10,20577.0,40.75421696992481,-73.98221833082707
609,"Bryant Pk (B,D,F,M)/5 Av (7)",11,29029.0,40.754220344370864,-73.98218801324504
609,"Bryant Pk (B,D,F,M)/5 Av (7)",12,32184.0,40.754220429487184,-73.98214747435898
609,"Bryant Pk (B,D,F,M)/5 Av (7)",13,24641.0,40.75422037908497,-73.98208304575164
609,"Bryant Pk (B,D,F,M)/5 Av (7)",14,22408.0,40.754220462025316,-73.98209574683544
609,"Bryant Pk (B,D,F,M)/5 Av (7)",15,28621.0,40.754223,-73.98200886206897
609,"Bryant Pk (B,D,F,M)/5 Av (7)",16,35481.0,40.754223,-73.98197878409091
609,"Bryant Pk (B,D,F,M)/5 Av (7)",17,53042.0,40.754223,-73.98200342424244
609,"Bryant Pk (B,D,F,M)/5 Av (7)",18,37850.0,40.754223,-73.98208533678756
609,"Bryant Pk (B,D,F,M)/5 Av (7)",19,25873.0,40.7542205988024,-73.98204190419162
609,"Bryant Pk (B,D,F,M)/5 Av (7)",20,21035.0,40.754220462025316,-73.98207927848102
609,"Bryant Pk (B,D,F,M)/5 Av (7)",21,19283.0,40.754220135714284,-73.98211268571428
610,"Grand Central-42 St (S,4,5,6,7)",10,35432.0,40.751778,-73.976845
610,"Grand Central-42 St (S,4,5,6,7)",11,33241.0,40.751778,-73.976845
610,"Grand Central-42 St (S,4,5,6,7)",12,34986.0,40.751778,-73.976845
610,"Grand Central-42 St (S,4,5,6,7)",13,39752.0,40.751778,-73.976845
610,"Grand Central-42 St (S,4,5,6,7)",14,49907.0,40.751778,-73.976845
610,"Grand Central-42 St (S,4,5,6,7)",15,62798.0,40.751778,-73.976845
610,"Grand Central-42 St (S,4,5,6,7)",16,57033.0,40.751778,-73.976845
610,"Grand Central-42 St (S,4,5,6,7)",17,55654.0,40.751778,-73.976845
610,"Grand Central-42 St (S,4,5,6,7)",18,57392.0,40.751778,-73.976845
610,"Grand Central-42 St (S,4,5,6,7)",19,42288.0,40.751778,-73.976845
610,"Grand Central-42 St (S,4,5,6,7)",20,28145.0,40.751778,-73.976845
610,"Grand Central-42 St (S,4,5,6,7)",21,20893.0,40.751778,-73.976845
611,"Times Sq-42 St (N,Q,R,W,S,1,2,3,7)/42 St (A,C,E)",10,56410.0,40.75731,-73.98684750000001
611,"Times Sq-42 St (N,Q,R,W,S,1,2,3,7)/42 St (A,C,E)",11,51241.0,40.75730999999999,-73.98684625615763
611,"Times Sq-42 St (N,Q,R,W,S,1,2,3,7)/42 St (A,C,E)",12,48031.0,40.75730999999999,-73.98678813432835
611,"Times Sq-42 St (N,Q,R,W,S,1,2,3,7)/42 St (A,C,E)",13,55312.0,40.75730999999999,-73.98681771144278
611,"Times Sq-42 St (N,Q,R,W,S,1,2,3,7)/42 St (A,C,E)",14,76165.0,40.75731,-73.98680242009132
611,"Times Sq-42 St (N,Q,R,W,S,1,2,3,7)/42 St (A,C,E)",15,77502.0,40.75731,-73.98679995327103
611,"Times Sq-42 St (N,Q,R,W,S,1,2,3,7)/42 St (A,C,E)",16,73417.0,40.75729984924623,-73.98678474874372
611,"Times Sq-42 St (N,Q,R,W,S,1,2,3,7)/42 St (A,C,E)",17,73716.0,40.75731,-73.98676644329896
611,"Times Sq-42 St (N,Q,R,W,S,1,2,3,7)/42 St (A,C,E)",18,76095.0,40.75731,-73.986803225
611,"Times Sq-42 St (N,Q,R,W,S,1,2,3,7)/42 St (A,C,E)",19,68107.0,40.75731,-73.98680215686275
611,"Times Sq-42 St (N,Q,R,W,S,1,2,3,7)/42 St (A,C,E)",20,63711.0,40.75731,-73.98680169902913
611,"Times Sq-42 St (N,Q,R,W,S,1,2,3,7)/42 St (A,C,E)",21,68507.0,40.75731,-73.986866
612,"Lexington Av-53 St (E,M)/51 St (6)",10,28874.0,40.757553,-73.969055
612,"Lexington Av-53 St (E,M)/51 St (6)",11,30160.0,40.75754671830986,-73.96909535211267
612,"Lexington Av-53 St (E,M)/51 St (6)",12,17330.0,40.757553,-73.969055
612,"Lexington Av-53 St (E,M)/51 St (6)",13,18528.0,40.757553,-73.969055
612,"Lexington Av-53 St (E,M)/51 St (6)",14,29902.0,40.757553,-73.969055
612,"Lexington Av-53 St (E,M)/51 St (6)",15,34939.0,40.757553,-73.969055
612,"Lexington Av-53 St (E,M)/51 St (6)",16,43928.0,40.757553,-73.969055
612,"Lexington Av-53 St (E,M)/51 St (6)",17,46643.0,40.757553,-73.969055
612,"Lexington Av-53 St (E,M)/51 St (6)",18,33265.0,40.757553,-73.969055
612,"Lexington Av-53 St (E,M)/51 St (6)",19,20715.0,40.757553,-73.969055
612,"Lexington Av-53 St (E,M)/51 St (6)",20,13690.0,40.75754562809917,-73.9691023553719
612,"Lexington Av-53 St (E,M)/51 St (6)",21,24180.0,40.757549344262294,-73.96907848360655
613,"Lexington Av (N,R,W)/59 St (4,5,6)",10,26349.0,40.762657129496404,-73.96727030215827
613,"Lexington Av (N,R,W)/59 St (4,5,6)",11,29566.0,40.762658214765096,-73.96726451677851
613,"Lexington Av (N,R,W)/59 St (4,5,6)",12,35101.0,40.76265765294117,-73.9672675117647
613,"Lexington Av (N,R,W)/59 St (4,5,6)",13,28412.0,40.762655221556884,-73.96728047305388
613,"Lexington Av (N,R,W)/59 St (4,5,6)",14,25341.0,40.76265768023256,-73.96726736627906
613,"Lexington Av (N,R,W)/59 St (4,5,6)",15,35966.0,40.762657899999994,-73.96726619473684
613,"Lexington Av (N,R,W)/59 St (4,5,6)",16,41951.0,40.762658569892466,-73.96726262365591
613,"Lexington Av (N,R,W)/59 St (4,5,6)",17,47766.0,40.76265653645833,-73.96727346354166
613,"Lexington Av (N,R,W)/59 St (4,5,6)",18,33681.0,40.762657795580104,-73.96726675138122
613,"Lexington Av (N,R,W)/59 St (4,5,6)",19,22353.0,40.76265383443708,-73.96728786754967
613,"Lexington Av (N,R,W)/59 St (4,5,6)",20,27136.0,40.76265460810811,-73.96728374324324
613,"Lexington Av (N,R,W)/59 St (4,5,6)",21,25770.0,40.7626542173913,-73.96728582608695
614,"59 St-Columbus Circle (A,B,C,D,1)",10,19386.0,40.76829468181818,-73.98173624025974
614,"59 St-Columbus Circle (A,B,C,D,1)",11,14730.0,40.768295,-73.981735
614,"59 St-Columbus Circle (A,B,C,D,1)",12,20346.0,40.768295,-73.981735
614,"59 St-Columbus Circle (A,B,C,D,1)",13,24316.0,40.768295,-73.981735
614,"59 St-Columbus Circle (A,B,C,D,1)",14,37291.0,40.768295,-73.981735
614,"59 St-Columbus Circle (A,B,C,D,1)",15,56574.0,40.768295,-73.981735
614,"59 St-Columbus Circle (A,B,C,D,1)",16,66188.0,40.768295,-73.981735
614,"59 St-Columbus Circle (A,B,C,D,1)",17,59766.0,40.768295,-73.981735
614,"59 St-Columbus Circle (A,B,C,D,1)",18,44667.0,40.768295,-73.981735
614,"59 St-Columbus Circle (A,B,C,D,1)",19,31444.0,40.768295,-73.981735
614,"59 St-Columbus Circle (A,B,C,D,1)",20,22799.0,40.768295,-73.981735
614,"59 St-Columbus Circle (A,B,C,D,1)",21,19045.0,40.76829468387097,-73.98173623225807
618,"14 St (A,C,E)/8 Av (L)",10,20160.0,40.74086511206897,-74.00171301724137
618,"14 St (A,C,E)/8 Av (L)",11,27081.0,40.74087745185185,-74.00170318518518
618,"14 St (A,C,E)/8 Av (L)",12,28754.0,40.74086479738562,-74.00171326797386
618,"14 St (A,C,E)/8 Av (L)",13,25085.0,40.74087209803921,-74.00170745098039
618,"14 St (A,C,E)/8 Av (L)",14,27880.0,40.74088085882352,-74.00170047058823
618,"14 St (A,C,E)/8 Av (L)",15,39845.0,40.74087506779661,-74.00170508474577
618,"14 St (A,C,E)/8 Av (L)",16,31905.0,40.74088739053254,-74.0016952662722
618,"14 St (A,C,E)/8 Av (L)",17,30067.0,40.74086846857143,-74.00171034285714
618,"14 St (A,C,E)/8 Av (L)",18,22883.0,40.74087986075949,-74.00170126582279
618,"14 St (A,C,E)/8 Av (L)",19,13505.0,40.74085232089552,-74.00172320895523
618,"14 St (A,C,E)/8 Av (L)",20,14390.0,40.7408618561151,-74.00171561151079
618,"14 St (A,C,E)/8 Av (L)",21,16590.0,40.74086114705882,-74.00171617647058
619,"Broadway-Lafayette St (B,D,F,M)/Bleecker St (6)",10,18621.0,40.725890897196265,-73.99471757009346
619,"Broadway-Lafayette St (B,D,F,M)/Bleecker St (6)",11,24261.0,40.72589305084746,-73.99471220338982
619,"Broadway-Lafayette St (B,D,F,M)/Bleecker St (6)",12,26539.0,40.72589023076923,-73.99471923076923
619,"Broadway-Lafayette St (B,D,F,M)/Bleecker St (6)",13,13965.0,40.725884336,-73.99473392
619,"Broadway-Lafayette St (B,D,F,M)/Bleecker St (6)",14,12426.0,40.725890766917296,-73.99471789473684
619,"Broadway-Lafayette St (B,D,F,M)/Bleecker St (6)",15,18191.0,40.72590988,-73.99467026666666
619,"Broadway-Lafayette St (B,D,F,M)/Bleecker St (6)",16,23174.0,40.72590315789474,-73.99468701754385
619,"Broadway-Lafayette St (B,D,F,M)/Bleecker St (6)",17,23946.0,40.72590655421687,-73.99467855421688
619,"Broadway-Lafayette St (B,D,F,M)/Bleecker St (6)",18,19183.0,40.725906177215194,-73.99467949367089
619,"Broadway-Lafayette St (B,D,F,M)/Bleecker St (6)",19,11819.0,40.72589995454546,-73.99469500000001
619,"Broadway-Lafayette St (B,D,F,M)/Bleecker St (6)",20,10397.0,40.72589305084746,-73.99471220338982
619,"Broadway-Lafayette St (B,D,F,M)/Bleecker St (6)",21,9946.0,40.72590222857143,-73.99468933333333
622,"Brooklyn Bridge-City Hall (4,5,6)/Chambers St (J,Z)",10,16185.0,40.713230921739125,-74.00343808695652
622,"Brooklyn Bridge-City Hall (4,5,6)/Chambers St (J,Z)",11,19882.0,40.71322991304348,-74.00344231884057
622,"Brooklyn Bridge-City Hall (4,5,6)/Chambers St (J,Z)",12,23969.0,40.71323289795919,-74.00342979591836
622,"Brooklyn Bridge-City Hall (4,5,6)/Chambers St (J,Z)",13,25619.0,40.713233220779216,-74.00342844155844
622,"Brooklyn Bridge-City Hall (4,5,6)/Chambers St (J,Z)",14,35227.0,40.71323606779661,-74.00341649717514
622,"Brooklyn Bridge-City Hall (4,5,6)/Chambers St (J,Z)",15,28786.0,40.713235976878615,-74.00341687861271
622,"Brooklyn Bridge-City Hall (4,5,6)/Chambers St (J,Z)",16,34513.0,40.71323617582418,-74.00341604395604
622,"Brooklyn Bridge-City Hall (4,5,6)/Chambers St (J,Z)",17,33340.0,40.71323497109827,-74.0034210982659
622,"Brooklyn Bridge-City Hall (4,5,6)/Chambers St (J,Z)",18,25688.0,40.71323176331361,-74.00343455621302
622,"Brooklyn Bridge-City Hall (4,5,6)/Chambers St (J,Z)",19,26730.0,40.71322847682119,-74.00344834437085
622,"Brooklyn Bridge-City Hall (4,5,6)/Chambers St (J,Z)",20,15605.0,40.71322661538461,-74.00345615384616
622,"Brooklyn Bridge-City Hall (4,5,6)/Chambers St (J,Z)",21,9580.0,40.713221684210524,-74.00347684210526
623,"Canal St (J,N,Q,R,W,Z,6)",10,21394.0,40.71950616556291,-73.99996251655628
623,"Canal St (J,N,Q,R,W,Z,6)",11,28572.0,40.71950870414201,-73.99997183431952
623,"Canal St (J,N,Q,R,W,Z,6)",12,40706.0,40.71952611229946,-73.99994534759357
623,"Canal St (J,N,Q,R,W,Z,6)",13,31413.0,40.7195255398773,-73.99995165644171
623,"Canal St (J,N,Q,R,W,Z,6)",14,21613.0,40.719521025,-73.99996462499999
623,"Canal St (J,N,Q,R,W,Z,6)",15,28364.0,40.71953,-73.99993558659217
623,"Canal St (J,N,Q,R,W,Z,6)",16,38464.0,40.71953,-73.99991953125
623,"Canal St (J,N,Q,R,W,Z,6)",17,41836.0,40.71953,-73.99992713513512
623,"Canal St (J,N,Q,R,W,Z,6)",18,31972.0,40.71953,-73.9999576744186
623,"Canal St (J,N,Q,R,W,Z,6)",19,18520.0,40.71953,-73.99996258064516
623,"Canal St (J,N,Q,R,W,Z,6)",20,15254.0,40.71951944117647,-73.99998948529412
623,"Canal St (J,N,Q,R,W,Z,6)",21,26573.0,40.71950116,-73.999963
624,"Chambers St (A,C)/WTC (E)/Park Pl (2,3)/Cortlandt (R,W)",10,25534.0,40.71401968055555,-74.0086473611111
624,"Chambers St (A,C)/WTC (E)/Park Pl (2,3)/Cortlandt (R,W)",11,30201.0,40.71407662416107,-74.0086044966443
624,"Chambers St (A,C)/WTC (E)/Park Pl (2,3)/Cortlandt (R,W)",12,20927.0,40.714103161290325,-74.00858148387096
624,"Chambers St (A,C)/WTC (E)/Park Pl (2,3)/Cortlandt (R,W)",13,21193.0,40.714090875,-74.00859499999999
624,"Chambers St (A,C)/WTC (E)/Park Pl (2,3)/Cortlandt (R,W)",14,26353.0,40.71408335502959,-74.00859585798817
624,"Chambers St (A,C)/WTC (E)/Park Pl (2,3)/Cortlandt (R,W)",15,41780.0,40.71410453608247,-74.00858118556701
624,"Chambers St (A,C)/WTC (E)/Park Pl (2,3)/Cortlandt (R,W)",16,42635.0,40.71411,-74.00858
624,"Chambers St (A,C)/WTC (E)/Park Pl (2,3)/Cortlandt (R,W)",17,44320.0,40.714094467005076,-74.00859218274111
624,"Chambers St (A,C)/WTC (E)/Park Pl (2,3)/Cortlandt (R,W)",18,42115.0,40.71408409895833,-74.00859901041666
624,"Chambers St (A,C)/WTC (E)/Park Pl (2,3)/Cortlandt (R,W)",19,23181.0,40.71407533742331,-74.00860349693251
624,"Chambers St (A,C)/WTC (E)/Park Pl (2,3)/Cortlandt (R,W)",20,26262.0,40.71407402777778,-74.00859986111111
624,"Chambers St (A,C)/WTC (E)/Park Pl (2,3)/Cortlandt (R,W)",21,23253.0,40.714052267175575,-74.00861877862594
625,"Delancey St (F)/Essex St (J,M,Z)",10,16721.0,40.718604235294116,-73.98745388235294
625,"Delancey St (F)/Essex St (J,M,Z)",11,16717.0,40.71860494594594,-73.98746445045043
625,"Delancey St (F)/Essex St (J,M,Z)",12,16896.0,40.71861018867924,-73.98747226415094
625,"Delancey St (F)/Essex St (J,M,Z)",13,22460.0,40.718613,-73.98747155555554
625,"Delancey St (F)/Essex St (J,M,Z)",14,34591.0,40.71861117177914,-73.9874671779141
625,"Delancey St (F)/Essex St (J,M,Z)",15,46069.0,40.718613,-73.98746088636364
625,"Delancey St (F)/Essex St (J,M,Z)",16,36766.0,40.718613,-73.9874574450867
625,"Delancey St (F)/Essex St (J,M,Z)",17,23336.0,40.718613,-73.98745935
625,"Delancey St (F)/Essex St (J,M,Z)",18,19211.0,40.71861082481752,-73.98747840875912
625,"Delancey St (F)/Essex St (J,M,Z)",19,21990.0,40.71860579032258,-73.98747216129033
625,"Delancey St (F)/Essex St (J,M,Z)",20,22959.0,40.71860790598291,-73.98748022222222
625,"Delancey St (F)/Essex St (J,M,Z)",21,23975.0,40.71860748148148,-73.98748407407408
628,"Fulton St (A,C,J,Z,2,3,4,5)",10,16698.0,40.71035582080925,-74.00669664739884
628,"Fulton St (A,C,J,Z,2,3,4,5)",11,18939.0,40.71036582872928,-74.0067106077348
628,"Fulton St (A,C,J,Z,2,3,4,5)",12,21441.0,40.71036296132596,-74.0066455801105
628,"Fulton St (A,C,J,Z,2,3,4,5)",13,24248.0,40.71036487777777,-74.00663477777778
628,"Fulton St (A,C,J,Z,2,3,4,5)",14,30843.0,40.71037173626373,-74.00660571428571
628,"Fulton St (A,C,J,Z,2,3,4,5)",15,47510.0,40.71036863942307,-74.00658456730768
628,"Fulton St (A,C,J,Z,2,3,4,5)",16,47335.0,40.710372009615384,-74.00659480769231
628,"Fulton St (A,C,J,Z,2,3,4,5)",17,50945.0,40.7103676407767,-74.00659611650485
628,"Fulton St (A,C,J,Z,2,3,4,5)",18,50171.0,40.71036939613526,-74.00658570048309
628,"Fulton St (A,C,J,Z,2,3,4,5)",19,28520.0,40.7103673919598,-74.00661788944724
628,"Fulton St (A,C,J,Z,2,3,4,5)",20,15314.0,40.7103628,-74.00663093749999
628,"Fulton St (A,C,J,Z,2,3,4,5)",21,17157.0,40.710356605882346,-74.00665964705883
635,"South Ferry (1)/Whitehall St (R,W)",10,15067.0,40.7030481832061,-74.01301572519084
635,"South Ferry (1)/Whitehall St (R,W)",11,18983.0,40.703058148936165,-74.01300912056739
635,"South Ferry (1)/Whitehall St (R,W)",12,23248.0,40.703051440559435,-74.01301356643357
635,"South Ferry (1)/Whitehall St (R,W)",13,32609.0,40.703073529801316,-74.01299892715231
635,"South Ferry (1)/Whitehall St (R,W)",14,36280.0,40.70306828220859,-74.01300240490798
635,"South Ferry (1)/Whitehall St (R,W)",15,36076.0,40.70306234545454,-74.01300633939394
635,"South Ferry (1)/Whitehall St (R,W)",16,26742.0,40.70306744230769,-74.01300296153846
635,"South Ferry (1)/Whitehall St (R,W)",17,29476.0,40.70306828220859,-74.01300240490798
635,"South Ferry (1)/Whitehall St (R,W)",18,23852.0,40.703072366906476,-74.01299969784174
635,"South Ferry (1)/Whitehall St (R,W)",19,22192.0,40.703070728,-74.013000784
635,"South Ferry (1)/Whitehall St (R,W)",20,13997.0,40.70306915789473,-74.0130018245614
635,"South Ferry (1)/Whitehall St (R,W)",21,7355.0,40.70305193103448,-74.01301324137931
8,"5 Av/59 St (N,R,W)",10,4885.0,40.764812,-73.97335
8,"5 Av/59 St (N,R,W)",11,8206.0,40.764812,-73.97335
8,"5 Av/59 St (N,R,W)",12,10771.0,40.764812,-73.97335
8,"5 Av/59 St (N,R,W)",13,13839.0,40.764812,-73.97335
8,"5 Av/59 St (N,R,W)",14,20437.0,40.764812,-73.97335
8,"5 Av/59 St (N,R,W)",15,32199.0,40.764812,-73.97335
8,"5 Av/59 St (N,R,W)",16,32957.0,40.764812,-73.97335
8,"5 Av/59 St (N,R,W)",17,22396.0,40.764812,-73.97335
8,"5 Av/59 St (N,R,W)",18,24755.0,40.764812,-73.97335
8,"5 Av/59 St (N,R,W)",19,18378.0,40.764812,-73.97335
8,"5 Av/59 St (N,R,W)",20,9073.0,40.764812,-73.97335
8,"5 Av/59 St (N,R,W)",21,6773.0,40.764812,-73.97335
9,"57 St-7 Av (N,Q,R,W)",10,19167.0,40.764663999999996,-73.98066
9,"57 St-7 Av (N,Q,R,W)",11,19502.0,40.764664,-73.98066
9,"57 St-7 Av (N,Q,R,W)",12,25348.0,40.764664,-73.98066
9,"57 St-7 Av (N,Q,R,W)",13,28928.0,40.764664,-73.98066
9,"57 St-7 Av (N,Q,R,W)",14,34021.0,40.764664,-73.98066
9,"57 St-7 Av (N,Q,R,W)",15,24946.0,40.764664,-73.98066
9,"57 St-7 Av (N,Q,R,W)",16,25812.0,40.764664,-73.98066
9,"57 St-7 Av (N,Q,R,W)",17,26688.0,40.764664,-73.98066
9,"57 St-7 Av (N,Q,R,W)",18,21319.0,40.764664,-73.98066
9,"57 St-7 Av (N,Q,R,W)",19,17527.0,40.764664,-73.98066
9,"57 St-7 Av (N,Q,R,W)",20,25298.0,40.764664,-73.98066
9,"57 St-7 Av (N,Q,R,W)",21,25466.0,40.764664,-73.98066
TRAM1,RI Tramway (Manhattan),10,6111.0,40.761337,-73.96416
TRAM1,RI Tramway (Manhattan),11,7080.0,40.761337,-73.96416
TRAM1,RI Tramway (Manhattan),12,7407.0,40.761337,-73.96416
TRAM1,RI Tramway (Manhattan),13,8224.0,40.761337,-73.96416
TRAM1,RI Tramway (Manhattan),14,8803.0,40.761337,-73.96416
TRAM1,RI Tramway (Manhattan),15,10222.0,40.761337000000005,-73.96416
TRAM1,RI Tramway (Manhattan),16,10416.0,40.761337,-73.96416
TRAM1,RI Tramway (Manhattan),17,10364.0,40.761337,-73.96416
TRAM1,RI Tramway (Manhattan),18,10813.0,40.761337,-73.96416
TRAM1,RI Tramway (Manhattan),19,6694.0,40.761337,-73.96416
TRAM1,RI Tramway (Manhattan),20,3933.0,40.76133699999999,-73.96416
TRAM1,RI Tramway (Manhattan),21,2668.0,40.761337,-73.96416
TRAM2,RI Tramway (Roosevelt),10,4719.0,40.75734,-73.95412
TRAM2,RI Tramway (Roosevelt),11,6137.0,40.75734,-73.95412
TRAM2,RI Tramway (Roosevelt),12,5986.0,40.75734,-73.95412
TRAM2,RI Tramway (Roosevelt),13,6188.0,40.75734,-73.95412
TRAM2,RI Tramway (Roosevelt),14,6387.0,40.75734,-73.95412
TRAM2,RI Tramway (Roosevelt),15,7977.0,40.75734,-73.95412
TRAM2,RI Tramway (Roosevelt),16,8824.0,40.75734,-73.95412
TRAM2,RI Tramway (Roosevelt),17,8988.0,40.75734,-73.95412
TRAM2,RI Tramway (Roosevelt),18,9718.0,40.75734,-73.95412
TRAM2,RI Tramway (Roosevelt),19,6239.0,40.75734,-73.95412
TRAM2,RI Tramway (Roosevelt),20,3925.0,40.75734,-73.95412
TRAM2,RI Tramway (Roosevelt),21,2154.0,40.75734,-73.95412
